,Happiness Rank,Country,Region,Happiness Score,Economy,Family,Health,Year
1,1,Switzerland,Western Europe,7.587,1.39651,1.34951,0.94143,2015
2,2,Iceland,Western Europe,7.561,1.30232,1.40223,0.94784,2015
3,3,Denmark,Western Europe,7.527,1.32548,1.36058,0.87464,2015
4,4,Norway,Western Europe,7.522,1.459,1.33095,0.88521,2015
5,5,Canada,North America,7.427,1.32629,1.32261,0.90563,2015
6,6,Finland,Western Europe,7.406,1.29025,1.31826,0.88911,2015
7,7,Netherlands,Western Europe,7.378,1.32944,1.28017,0.89284,2015
8,8,Sweden,Western Europe,7.364,1.33171,1.28907,0.91087,2015
9,9,New Zealand,Australia and New Zealand,7.286,1.25018,1.31967,0.90837,2015
10,10,Australia,Australia and New Zealand,7.284,1.33358,1.30923,0.93156,2015
11,11,Israel,Middle East and Northern Africa,7.278,1.22857,1.22393,0.91387,2015
12,12,Costa Rica,Latin America and Caribbean,7.226,0.95578,1.23788,0.86027,2015
13,13,Austria,Western Europe,7.2,1.33723,1.29704,0.89042,2015
14,14,Mexico,Latin America and Caribbean,7.187,1.02054,0.91451,0.81444,2015
15,15,United States,North America,7.119,1.39451,1.24711,0.86179,2015
16,16,Brazil,Latin America and Caribbean,6.983,0.98124,1.23287,0.69702,2015
17,17,Luxembourg,Western Europe,6.946,1.56391,1.21963,0.91894,2015
18,18,Ireland,Western Europe,6.94,1.33596,1.36948,0.89533,2015
19,19,Belgium,Western Europe,6.937,1.30782,1.28566,0.89667,2015
20,20,United Arab Emirates,Middle East and Northern Africa,6.901,1.42727,1.12575,0.80925,2015
21,21,United Kingdom,Western Europe,6.867,1.26637,1.28548,0.90943,2015
22,22,Oman,Middle East and Northern Africa,6.853,1.36011,1.08182,0.76276,2015
23,23,Venezuela,Latin America and Caribbean,6.81,1.04424,1.25596,0.72052,2015
24,24,Singapore,Southeastern Asia,6.798,1.52186,1.02,1.02525,2015
25,25,Panama,Latin America and Caribbean,6.786,1.06353,1.1985,0.79661,2015
26,26,Germany,Western Europe,6.75,1.32792,1.29937,0.89186,2015
27,27,Chile,Latin America and Caribbean,6.67,1.10715,1.12447,0.85857,2015
28,28,Qatar,Middle East and Northern Africa,6.611,1.69042,1.0786,0.79733,2015
29,29,France,Western Europe,6.575,1.27778,1.26038,0.94579,2015
30,30,Argentina,Latin America and Caribbean,6.574,1.05351,1.24823,0.78723,2015
31,31,Czech Republic,Central and Eastern Europe,6.505,1.17898,1.20643,0.84483,2015
32,32,Uruguay,Latin America and Caribbean,6.485,1.06166,1.2089,0.8116,2015
33,33,Colombia,Latin America and Caribbean,6.477,0.91861,1.24018,0.69077,2015
34,34,Thailand,Southeastern Asia,6.455,0.9669,1.26504,0.7385,2015
35,35,Saudi Arabia,Middle East and Northern Africa,6.411,1.39541,1.08393,0.72025,2015
36,36,Spain,Western Europe,6.329,1.23011,1.31379,0.95562,2015
37,37,Malta,Western Europe,6.302,1.2074,1.30203,0.88721,2015
38,38,Taiwan,Eastern Asia,6.298,1.29098,1.07617,0.8753,2015
39,39,Kuwait,Middle East and Northern Africa,6.295,1.55422,1.16594,0.72492,2015
40,40,Suriname,Latin America and Caribbean,6.269,0.99534,0.972,0.6082,2015
41,41,Trinidad and Tobago,Latin America and Caribbean,6.168,1.21183,1.18354,0.61483,2015
42,42,El Salvador,Latin America and Caribbean,6.13,0.76454,1.02507,0.67737,2015
43,43,Guatemala,Latin America and Caribbean,6.123,0.74553,1.04356,0.64425,2015
44,44,Uzbekistan,Central and Eastern Europe,6.003,0.63244,1.34043,0.59772,2015
45,45,Slovakia,Central and Eastern Europe,5.995,1.16891,1.26999,0.78902,2015
46,46,Japan,Eastern Asia,5.987,1.27074,1.25712,0.99111,2015
47,47,South Korea,Eastern Asia,5.984,1.24461,0.95774,0.96538,2015
48,48,Ecuador,Latin America and Caribbean,5.975,0.86402,0.99903,0.79075,2015
49,49,Bahrain,Middle East and Northern Africa,5.96,1.32376,1.21624,0.74716,2015
50,50,Italy,Western Europe,5.948,1.25114,1.19777,0.95446,2015
51,51,Bolivia,Latin America and Caribbean,5.89,0.68133,0.97841,0.5392,2015
52,52,Moldova,Central and Eastern Europe,5.889,0.59448,1.01528,0.61826,2015
53,53,Paraguay,Latin America and Caribbean,5.878,0.75985,1.30477,0.66098,2015
54,54,Kazakhstan,Central and Eastern Europe,5.855,1.12254,1.12241,0.64368,2015
55,55,Slovenia,Central and Eastern Europe,5.848,1.18498,1.27385,0.87337,2015
56,56,Lithuania,Central and Eastern Europe,5.833,1.14723,1.25745,0.73128,2015
57,57,Nicaragua,Latin America and Caribbean,5.828,0.59325,1.14184,0.74314,2015
58,58,Peru,Latin America and Caribbean,5.824,0.90019,0.97459,0.73017,2015
59,59,Belarus,Central and Eastern Europe,5.813,1.03192,1.23289,0.73608,2015
60,60,Poland,Central and Eastern Europe,5.791,1.12555,1.27948,0.77903,2015
61,61,Malaysia,Southeastern Asia,5.77,1.12486,1.07023,0.72394,2015
62,62,Croatia,Central and Eastern Europe,5.759,1.08254,0.79624,0.78805,2015
63,63,Libya,Middle East and Northern Africa,5.754,1.13145,1.11862,0.7038,2015
64,64,Russia,Central and Eastern Europe,5.716,1.13764,1.23617,0.66926,2015
65,65,Jamaica,Latin America and Caribbean,5.709,0.81038,1.15102,0.68741,2015
66,66,North Cyprus,Western Europe,5.695,1.20806,1.07008,0.92356,2015
67,67,Cyprus,Western Europe,5.689,1.20813,0.89318,0.92356,2015
68,68,Algeria,Middle East and Northern Africa,5.605,0.93929,1.07772,0.61766,2015
69,69,Kosovo,Central and Eastern Europe,5.589,0.80148,0.81198,0.63132,2015
70,70,Turkmenistan,Central and Eastern Europe,5.548,0.95847,1.22668,0.53886,2015
71,71,Mauritius,Sub-Saharan Africa,5.477,1.00761,0.98521,0.7095,2015
72,72,Hong Kong,Eastern Asia,5.474,1.38604,1.05818,1.01328,2015
73,73,Estonia,Central and Eastern Europe,5.429,1.15174,1.22791,0.77361,2015
74,74,Indonesia,Southeastern Asia,5.399,0.82827,1.08708,0.63793,2015
75,75,Vietnam,Southeastern Asia,5.36,0.63216,0.91226,0.74676,2015
76,76,Turkey,Middle East and Northern Africa,5.332,1.06098,0.94632,0.73172,2015
77,77,Kyrgyzstan,Central and Eastern Europe,5.286,0.47428,1.15115,0.65088,2015
78,78,Nigeria,Sub-Saharan Africa,5.268,0.65435,0.90432,0.16007,2015
79,79,Bhutan,Southern Asia,5.253,0.77042,1.10395,0.57407,2015
80,80,Azerbaijan,Central and Eastern Europe,5.212,1.02389,0.93793,0.64045,2015
81,81,Pakistan,Southern Asia,5.194,0.59543,0.41411,0.51466,2015
82,82,Jordan,Middle East and Northern Africa,5.192,0.90198,1.05392,0.69639,2015
83,82,Montenegro,Central and Eastern Europe,5.192,0.97438,0.90557,0.72521,2015
84,84,China,Eastern Asia,5.14,0.89012,0.94675,0.81658,2015
85,85,Zambia,Sub-Saharan Africa,5.129,0.47038,0.91612,0.29924,2015
86,86,Romania,Central and Eastern Europe,5.124,1.04345,0.88588,0.7689,2015
87,87,Serbia,Central and Eastern Europe,5.123,0.92053,1.00964,0.74836,2015
88,88,Portugal,Western Europe,5.102,1.15991,1.13935,0.87519,2015
89,89,Latvia,Central and Eastern Europe,5.098,1.11312,1.09562,0.72437,2015
90,90,Philippines,Southeastern Asia,5.073,0.70532,1.03516,0.58114,2015
91,91,Somaliland region,Sub-Saharan Africa,5.057,0.18847,0.95152,0.43873,2015
92,92,Morocco,Middle East and Northern Africa,5.013,0.73479,0.64095,0.60954,2015
93,93,Macedonia,Central and Eastern Europe,5.007,0.91851,1.00232,0.73545,2015
94,94,Mozambique,Sub-Saharan Africa,4.971,0.08308,1.02626,0.09131,2015
95,95,Albania,Central and Eastern Europe,4.959,0.87867,0.80434,0.81325,2015
96,96,Bosnia and Herzegovina,Central and Eastern Europe,4.949,0.83223,0.91916,0.79081,2015
97,97,Lesotho,Sub-Saharan Africa,4.898,0.37545,1.04103,0.07612,2015
98,98,Dominican Republic,Latin America and Caribbean,4.885,0.89537,1.17202,0.66825,2015
99,99,Laos,Southeastern Asia,4.876,0.59066,0.73803,0.54909,2015
100,100,Mongolia,Eastern Asia,4.874,0.82819,1.3006,0.60268,2015
101,101,Swaziland,Sub-Saharan Africa,4.867,0.71206,1.07284,0.07566,2015
102,102,Greece,Western Europe,4.857,1.15406,0.92933,0.88213,2015
103,103,Lebanon,Middle East and Northern Africa,4.839,1.02564,0.80001,0.83947,2015
104,104,Hungary,Central and Eastern Europe,4.8,1.12094,1.20215,0.75905,2015
105,105,Honduras,Latin America and Caribbean,4.788,0.59532,0.95348,0.6951,2015
106,106,Tajikistan,Central and Eastern Europe,4.786,0.39047,0.85563,0.57379,2015
107,107,Tunisia,Middle East and Northern Africa,4.739,0.88113,0.60429,0.73793,2015
108,108,Palestinian Territories,Middle East and Northern Africa,4.715,0.59867,0.92558,0.66015,2015
109,109,Bangladesh,Southern Asia,4.694,0.39753,0.43106,0.60164,2015
110,110,Iran,Middle East and Northern Africa,4.686,1.0088,0.54447,0.69805,2015
111,111,Ukraine,Central and Eastern Europe,4.681,0.79907,1.20278,0.6739,2015
112,112,Iraq,Middle East and Northern Africa,4.677,0.98549,0.81889,0.60237,2015
113,113,South Africa,Sub-Saharan Africa,4.642,0.92049,1.18468,0.27688,2015
114,114,Ghana,Sub-Saharan Africa,4.633,0.54558,0.67954,0.40132,2015
115,115,Zimbabwe,Sub-Saharan Africa,4.61,0.271,1.03276,0.33475,2015
116,116,Liberia,Sub-Saharan Africa,4.571,0.0712,0.78968,0.34201,2015
117,117,India,Southern Asia,4.565,0.64499,0.38174,0.51529,2015
118,118,Sudan,Sub-Saharan Africa,4.55,0.52107,1.01404,0.36878,2015
119,119,Haiti,Latin America and Caribbean,4.518,0.26673,0.74302,0.38847,2015
120,120,Congo (Kinshasa),Sub-Saharan Africa,4.517,0,1.0012,0.09806,2015
121,121,Nepal,Southern Asia,4.514,0.35997,0.86449,0.56874,2015
122,122,Ethiopia,Sub-Saharan Africa,4.512,0.19073,0.60406,0.44055,2015
123,123,Sierra Leone,Sub-Saharan Africa,4.507,0.33024,0.95571,0,2015
124,124,Mauritania,Sub-Saharan Africa,4.436,0.45407,0.86908,0.35874,2015
125,125,Kenya,Sub-Saharan Africa,4.419,0.36471,0.99876,0.41435,2015
126,126,Djibouti,Sub-Saharan Africa,4.369,0.44025,0.59207,0.36291,2015
127,127,Armenia,Central and Eastern Europe,4.35,0.76821,0.77711,0.7299,2015
128,128,Botswana,Sub-Saharan Africa,4.332,0.99355,1.10464,0.04776,2015
129,129,Myanmar,Southeastern Asia,4.307,0.27108,0.70905,0.48246,2015
130,130,Georgia,Central and Eastern Europe,4.297,0.7419,0.38562,0.72926,2015
131,131,Malawi,Sub-Saharan Africa,4.292,0.01604,0.41134,0.22562,2015
132,132,Sri Lanka,Southern Asia,4.271,0.83524,1.01905,0.70806,2015
133,133,Cameroon,Sub-Saharan Africa,4.252,0.4225,0.88767,0.23402,2015
134,134,Bulgaria,Central and Eastern Europe,4.218,1.01216,1.10614,0.76649,2015
135,135,Egypt,Middle East and Northern Africa,4.194,0.8818,0.747,0.61712,2015
136,136,Yemen,Middle East and Northern Africa,4.077,0.54649,0.68093,0.40064,2015
137,137,Angola,Sub-Saharan Africa,4.033,0.75778,0.8604,0.16683,2015
138,138,Mali,Sub-Saharan Africa,3.995,0.26074,1.03526,0.20583,2015
139,139,Congo (Brazzaville),Sub-Saharan Africa,3.989,0.67866,0.6629,0.31051,2015
140,140,Comoros,Sub-Saharan Africa,3.956,0.23906,0.79273,0.36315,2015
141,141,Uganda,Sub-Saharan Africa,3.931,0.21102,1.13299,0.33861,2015
142,142,Senegal,Sub-Saharan Africa,3.904,0.36498,0.97619,0.4354,2015
143,143,Gabon,Sub-Saharan Africa,3.896,1.06024,0.90528,0.43372,2015
144,144,Niger,Sub-Saharan Africa,3.845,0.0694,0.77265,0.29707,2015
145,145,Cambodia,Southeastern Asia,3.819,0.46038,0.62736,0.61114,2015
146,146,Tanzania,Sub-Saharan Africa,3.781,0.2852,1.00268,0.38215,2015
147,147,Madagascar,Sub-Saharan Africa,3.681,0.20824,0.66801,0.46721,2015
148,148,Central African Republic,Sub-Saharan Africa,3.678,0.0785,0,0.06699,2015
149,149,Chad,Sub-Saharan Africa,3.667,0.34193,0.76062,0.1501,2015
150,150,Guinea,Sub-Saharan Africa,3.656,0.17417,0.46475,0.24009,2015
151,151,Ivory Coast,Sub-Saharan Africa,3.655,0.46534,0.77115,0.15185,2015
152,152,Burkina Faso,Sub-Saharan Africa,3.587,0.25812,0.85188,0.27125,2015
153,153,Afghanistan,Southern Asia,3.575,0.31982,0.30285,0.30335,2015
154,154,Rwanda,Sub-Saharan Africa,3.465,0.22208,0.7737,0.42864,2015
155,155,Benin,Sub-Saharan Africa,3.34,0.28665,0.35386,0.3191,2015
156,156,Syria,Middle East and Northern Africa,3.006,0.6632,0.47489,0.72193,2015
157,157,Burundi,Sub-Saharan Africa,2.905,0.0153,0.41587,0.22396,2015
158,158,Togo,Sub-Saharan Africa,2.839,0.20868,0.13995,0.28443,2015
1,1,Denmark,Western Europe,7.526,1.44178,1.16374,0.79504,2016
2,2,Switzerland,Western Europe,7.509,1.52733,1.14524,0.86303,2016
3,3,Iceland,Western Europe,7.501,1.42666,1.18326,0.86733,2016
4,4,Norway,Western Europe,7.498,1.57744,1.1269,0.79579,2016
5,5,Finland,Western Europe,7.413,1.40598,1.13464,0.81091,2016
6,6,Canada,North America,7.404,1.44015,1.0961,0.8276,2016
7,7,Netherlands,Western Europe,7.339,1.46468,1.02912,0.81231,2016
8,8,New Zealand,Australia and New Zealand,7.334,1.36066,1.17278,0.83096,2016
9,9,Australia,Australia and New Zealand,7.313,1.44443,1.10476,0.8512,2016
10,10,Sweden,Western Europe,7.291,1.45181,1.08764,0.83121,2016
11,11,Israel,Middle East and Northern Africa,7.267,1.33766,0.99537,0.84917,2016
12,12,Austria,Western Europe,7.119,1.45038,1.08383,0.80565,2016
13,13,United States,North America,7.104,1.50796,1.04782,0.779,2016
14,14,Costa Rica,Latin America and Caribbean,7.087,1.06879,1.02152,0.76146,2016
15,15,Puerto Rico,Latin America and Caribbean,7.039,1.35943,1.08113,0.77758,2016
16,16,Germany,Western Europe,6.994,1.44787,1.09774,0.81487,2016
17,17,Brazil,Latin America and Caribbean,6.952,1.08754,1.03938,0.61415,2016
18,18,Belgium,Western Europe,6.929,1.42539,1.05249,0.81959,2016
19,19,Ireland,Western Europe,6.907,1.48341,1.16157,0.81455,2016
20,20,Luxembourg,Western Europe,6.871,1.69752,1.03999,0.84542,2016
21,21,Mexico,Latin America and Caribbean,6.778,1.11508,0.7146,0.71143,2016
22,22,Singapore,Southeastern Asia,6.739,1.64555,0.86758,0.94719,2016
23,23,United Kingdom,Western Europe,6.725,1.40283,1.08672,0.80991,2016
24,24,Chile,Latin America and Caribbean,6.705,1.2167,0.90587,0.81883,2016
25,25,Panama,Latin America and Caribbean,6.701,1.18306,0.98912,0.70835,2016
26,26,Argentina,Latin America and Caribbean,6.65,1.15137,1.06612,0.69711,2016
27,27,Czech Republic,Central and Eastern Europe,6.596,1.30915,1.00793,0.76376,2016
28,28,United Arab Emirates,Middle East and Northern Africa,6.573,1.57352,0.87114,0.72993,2016
29,29,Uruguay,Latin America and Caribbean,6.545,1.18157,1.03143,0.72183,2016
30,30,Malta,Western Europe,6.488,1.30782,1.09879,0.80315,2016
31,31,Colombia,Latin America and Caribbean,6.481,1.03032,1.02169,0.59659,2016
32,32,France,Western Europe,6.478,1.39488,1.00508,0.83795,2016
33,33,Thailand,Southeastern Asia,6.474,1.0893,1.04477,0.64915,2016
34,34,Saudi Arabia,Middle East and Northern Africa,6.379,1.48953,0.84829,0.59267,2016
35,34,Taiwan,Eastern Asia,6.379,1.39729,0.92624,0.79565,2016
36,36,Qatar,Middle East and Northern Africa,6.375,1.82427,0.87964,0.71723,2016
37,37,Spain,Western Europe,6.361,1.34253,1.12945,0.87896,2016
38,38,Algeria,Middle East and Northern Africa,6.355,1.05266,0.83309,0.61804,2016
39,39,Guatemala,Latin America and Caribbean,6.324,0.83454,0.87119,0.54039,2016
40,40,Suriname,Latin America and Caribbean,6.269,1.09686,0.77866,0.50933,2016
41,41,Kuwait,Middle East and Northern Africa,6.239,1.61714,0.87758,0.63569,2016
42,42,Bahrain,Middle East and Northern Africa,6.218,1.44024,0.94397,0.65696,2016
43,43,Trinidad and Tobago,Latin America and Caribbean,6.168,1.32572,0.98569,0.52608,2016
44,44,Venezuela,Latin America and Caribbean,6.084,1.13367,1.03302,0.61904,2016
45,45,Slovakia,Central and Eastern Europe,6.078,1.27973,1.08268,0.70367,2016
46,46,El Salvador,Latin America and Caribbean,6.068,0.8737,0.80975,0.596,2016
47,47,Malaysia,Southeastern Asia,6.005,1.25142,0.88025,0.62366,2016
48,48,Nicaragua,Latin America and Caribbean,5.992,0.69384,0.89521,0.65213,2016
49,49,Uzbekistan,Central and Eastern Europe,5.987,0.73591,1.1681,0.50163,2016
50,50,Italy,Western Europe,5.977,1.35495,1.04167,0.85102,2016
51,51,Ecuador,Latin America and Caribbean,5.976,0.97306,0.85974,0.68613,2016
52,52,Belize,Latin America and Caribbean,5.956,0.87616,0.68655,0.45569,2016
53,53,Japan,Eastern Asia,5.921,1.38007,1.06054,0.91491,2016
54,54,Kazakhstan,Central and Eastern Europe,5.919,1.22943,0.95544,0.57386,2016
55,55,Moldova,Central and Eastern Europe,5.897,0.69177,0.83132,0.52309,2016
56,56,Russia,Central and Eastern Europe,5.856,1.23228,1.05261,0.58991,2016
57,57,Poland,Central and Eastern Europe,5.835,1.24585,1.04685,0.69058,2016
58,57,South Korea,Eastern Asia,5.835,1.35948,0.72194,0.88645,2016
59,59,Bolivia,Latin America and Caribbean,5.822,0.79422,0.83779,0.4697,2016
60,60,Lithuania,Central and Eastern Europe,5.813,1.2692,1.06411,0.64674,2016
61,61,Belarus,Central and Eastern Europe,5.802,1.13062,1.04993,0.63104,2016
62,62,North Cyprus,Western Europe,5.771,1.31141,0.81826,0.84142,2016
63,63,Slovenia,Central and Eastern Europe,5.768,1.29947,1.05613,0.79151,2016
64,64,Peru,Latin America and Caribbean,5.743,0.99602,0.81255,0.62994,2016
65,65,Turkmenistan,Central and Eastern Europe,5.658,1.08017,1.03817,0.44006,2016
66,66,Mauritius,Sub-Saharan Africa,5.648,1.14372,0.75695,0.66189,2016
67,67,Libya,Middle East and Northern Africa,5.615,1.06688,0.95076,0.52304,2016
68,68,Latvia,Central and Eastern Europe,5.56,1.21788,0.95025,0.63952,2016
69,69,Cyprus,Western Europe,5.546,1.31857,0.70697,0.8488,2016
70,70,Paraguay,Latin America and Caribbean,5.538,0.89373,1.11111,0.58295,2016
71,71,Romania,Central and Eastern Europe,5.528,1.1697,0.72803,0.67602,2016
72,72,Estonia,Central and Eastern Europe,5.517,1.27964,1.05163,0.68098,2016
73,73,Jamaica,Latin America and Caribbean,5.51,0.89333,0.96372,0.59469,2016
74,74,Croatia,Central and Eastern Europe,5.488,1.18649,0.60809,0.70524,2016
75,75,Hong Kong,Eastern Asia,5.458,1.5107,0.87021,0.95277,2016
76,76,Somalia,Sub-Saharan Africa,5.44,0,0.33613,0.11466,2016
77,77,Kosovo,Central and Eastern Europe,5.401,0.90145,0.66062,0.54,2016
78,78,Turkey,Middle East and Northern Africa,5.389,1.16492,0.87717,0.64718,2016
79,79,Indonesia,Southeastern Asia,5.314,0.95104,0.87625,0.49374,2016
80,80,Jordan,Middle East and Northern Africa,5.303,0.99673,0.86216,0.60712,2016
81,81,Azerbaijan,Central and Eastern Europe,5.291,1.12373,0.76042,0.54504,2016
82,82,Philippines,Southeastern Asia,5.279,0.81217,0.87877,0.47036,2016
83,83,China,Eastern Asia,5.245,1.0278,0.79381,0.73561,2016
84,84,Bhutan,Southern Asia,5.196,0.8527,0.90836,0.49759,2016
85,85,Kyrgyzstan,Central and Eastern Europe,5.185,0.56044,0.95434,0.55449,2016
86,86,Serbia,Central and Eastern Europe,5.177,1.03437,0.81329,0.6458,2016
87,87,Bosnia and Herzegovina,Central and Eastern Europe,5.163,0.93383,0.64367,0.70766,2016
88,88,Montenegro,Central and Eastern Europe,5.161,1.07838,0.74173,0.63533,2016
89,89,Dominican Republic,Latin America and Caribbean,5.155,1.02787,0.99496,0.57669,2016
90,90,Morocco,Middle East and Northern Africa,5.151,0.84058,0.38595,0.59471,2016
91,91,Hungary,Central and Eastern Europe,5.145,1.24142,0.93164,0.67608,2016
92,92,Pakistan,Southern Asia,5.132,0.68816,0.26135,0.40306,2016
93,93,Lebanon,Middle East and Northern Africa,5.129,1.12268,0.64184,0.76171,2016
94,94,Portugal,Western Europe,5.123,1.27607,0.94367,0.79363,2016
95,95,Macedonia,Central and Eastern Europe,5.121,1.0193,0.78236,0.64738,2016
96,96,Vietnam,Southeastern Asia,5.061,0.74037,0.79117,0.66157,2016
97,97,Somaliland Region,Sub-Saharan Africa,5.057,0.25558,0.75862,0.33108,2016
98,98,Tunisia,Middle East and Northern Africa,5.045,0.97724,0.43165,0.59577,2016
99,99,Greece,Western Europe,5.033,1.24886,0.75473,0.80029,2016
100,100,Tajikistan,Central and Eastern Europe,4.996,0.48835,0.75602,0.53119,2016
101,101,Mongolia,Eastern Asia,4.907,0.98853,1.08983,0.55469,2016
102,102,Laos,Southeastern Asia,4.876,0.68042,0.5497,0.38291,2016
103,103,Nigeria,Sub-Saharan Africa,4.875,0.75216,0.64498,0.05108,2016
104,104,Honduras,Latin America and Caribbean,4.871,0.69429,0.75596,0.58383,2016
105,105,Iran,Middle East and Northern Africa,4.813,1.11758,0.38857,0.64232,2016
106,106,Zambia,Sub-Saharan Africa,4.795,0.61202,0.6376,0.23573,2016
107,107,Nepal,Southern Asia,4.793,0.44626,0.69699,0.50073,2016
108,108,Palestinian Territories,Middle East and Northern Africa,4.754,0.67024,0.71629,0.56844,2016
109,109,Albania,Central and Eastern Europe,4.655,0.9553,0.50163,0.73007,2016
110,110,Bangladesh,Southern Asia,4.643,0.54177,0.24749,0.52989,2016
111,111,Sierra Leone,Sub-Saharan Africa,4.635,0.36485,0.628,0,2016
112,112,Iraq,Middle East and Northern Africa,4.575,1.07474,0.59205,0.51076,2016
113,113,Namibia,Sub-Saharan Africa,4.574,0.93287,0.70362,0.34745,2016
114,114,Cameroon,Sub-Saharan Africa,4.513,0.52497,0.62542,0.12698,2016
115,115,Ethiopia,Sub-Saharan Africa,4.508,0.29283,0.37932,0.34578,2016
116,116,South Africa,Sub-Saharan Africa,4.459,1.02416,0.96053,0.18611,2016
117,117,Sri Lanka,Southern Asia,4.415,0.97318,0.84783,0.62007,2016
118,118,India,Southern Asia,4.404,0.74036,0.29247,0.45091,2016
119,119,Myanmar,Southeastern Asia,4.395,0.34112,0.69981,0.3988,2016
120,120,Egypt,Middle East and Northern Africa,4.362,0.95395,0.49813,0.52116,2016
121,121,Armenia,Central and Eastern Europe,4.36,0.86086,0.62477,0.64083,2016
122,122,Kenya,Sub-Saharan Africa,4.356,0.52267,0.7624,0.30147,2016
123,123,Ukraine,Central and Eastern Europe,4.324,0.87287,1.01413,0.58628,2016
124,124,Ghana,Sub-Saharan Africa,4.276,0.63107,0.49353,0.29681,2016
125,125,Congo (Kinshasa),Sub-Saharan Africa,4.272,0.05661,0.80676,0.188,2016
126,126,Georgia,Central and Eastern Europe,4.252,0.83792,0.19249,0.64035,2016
127,127,Congo (Brazzaville),Sub-Saharan Africa,4.236,0.77109,0.47799,0.28212,2016
128,128,Senegal,Sub-Saharan Africa,4.219,0.44314,0.77416,0.40457,2016
129,129,Bulgaria,Central and Eastern Europe,4.217,1.11306,0.92542,0.67806,2016
130,130,Mauritania,Sub-Saharan Africa,4.201,0.61391,0.84142,0.28639,2016
131,131,Zimbabwe,Sub-Saharan Africa,4.193,0.35041,0.71478,0.1595,2016
132,132,Malawi,Sub-Saharan Africa,4.156,0.08709,0.147,0.29364,2016
133,133,Sudan,Sub-Saharan Africa,4.139,0.63069,0.81928,0.29759,2016
134,134,Gabon,Sub-Saharan Africa,4.121,1.15851,0.72368,0.3494,2016
135,135,Mali,Sub-Saharan Africa,4.073,0.31292,0.86333,0.16347,2016
136,136,Haiti,Latin America and Caribbean,4.028,0.34097,0.29561,0.27494,2016
137,137,Botswana,Sub-Saharan Africa,3.974,1.09426,0.89186,0.34752,2016
138,138,Comoros,Sub-Saharan Africa,3.956,0.27509,0.60323,0.29981,2016
139,139,Ivory Coast,Sub-Saharan Africa,3.916,0.55507,0.57576,0.04476,2016
140,140,Cambodia,Southeastern Asia,3.907,0.55604,0.5375,0.42494,2016
141,141,Angola,Sub-Saharan Africa,3.866,0.84731,0.66366,0.04991,2016
142,142,Niger,Sub-Saharan Africa,3.856,0.1327,0.6053,0.26162,2016
143,143,South Sudan,Sub-Saharan Africa,3.832,0.39394,0.18519,0.15781,2016
144,144,Chad,Sub-Saharan Africa,3.763,0.42214,0.63178,0.03824,2016
145,145,Burkina Faso,Sub-Saharan Africa,3.739,0.31995,0.63054,0.21297,2016
146,145,Uganda,Sub-Saharan Africa,3.739,0.34719,0.90981,0.19625,2016
147,147,Yemen,Middle East and Northern Africa,3.724,0.57939,0.47493,0.31048,2016
148,148,Madagascar,Sub-Saharan Africa,3.695,0.27954,0.46115,0.37109,2016
149,149,Tanzania,Sub-Saharan Africa,3.666,0.47155,0.77623,0.357,2016
150,150,Liberia,Sub-Saharan Africa,3.622,0.10706,0.50353,0.23165,2016
151,151,Guinea,Sub-Saharan Africa,3.607,0.22415,0.3109,0.18829,2016
152,152,Rwanda,Sub-Saharan Africa,3.515,0.32846,0.61586,0.31865,2016
153,153,Benin,Sub-Saharan Africa,3.484,0.39499,0.10419,0.21028,2016
154,154,Afghanistan,Southern Asia,3.36,0.38227,0.11037,0.17344,2016
155,155,Togo,Sub-Saharan Africa,3.303,0.28123,0,0.24811,2016
156,156,Syria,Middle East and Northern Africa,3.069,0.74719,0.14866,0.62994,2016
157,157,Burundi,Sub-Saharan Africa,2.905,0.06831,0.23442,0.15747,2016
1,1,Norway,Western Europe,7.537000179,1.616463184,1.53352356,0.796666503,2017
2,2,Denmark,Western Europe,7.521999836,1.482383013,1.551121593,0.792565525,2017
3,3,Iceland,Western Europe,7.504000187,1.48063302,1.610574007,0.833552122,2017
4,4,Switzerland,Western Europe,7.493999958,1.564979553,1.516911745,0.858131289,2017
5,5,Finland,Western Europe,7.468999863,1.443571925,1.540246725,0.80915767,2017
6,6,Netherlands,Western Europe,7.376999855,1.503944635,1.428939223,0.810696125,2017
7,7,Canada,North America,7.315999985,1.479204416,1.481348991,0.834557652,2017
8,8,New Zealand,Australia and New Zealand,7.31400013,1.405706048,1.548195124,0.816759706,2017
9,9,Sweden,Western Europe,7.28399992,1.494387269,1.478162169,0.830875158,2017
10,10,Australia,Australia and New Zealand,7.28399992,1.484414935,1.510041952,0.843886793,2017
11,11,Israel,Middle East and Northern Africa,7.212999821,1.375382423,1.376289964,0.838404,2017
12,12,Costa Rica,Latin America and Caribbean,7.078999996,1.109706283,1.416403651,0.759509265,2017
13,13,Austria,Western Europe,7.006000042,1.487097263,1.459944963,0.815328419,2017
14,14,United States,North America,6.993000031,1.546259284,1.419920564,0.774286628,2017
15,15,Ireland,Western Europe,6.977000237,1.535706639,1.558231115,0.809782624,2017
16,16,Germany,Western Europe,6.951000214,1.487923384,1.472520351,0.798950732,2017
17,17,Belgium,Western Europe,6.890999794,1.463780761,1.462312698,0.818091869,2017
18,18,Luxembourg,Western Europe,6.862999916,1.741943598,1.457583666,0.845089495,2017
19,19,United Kingdom,Western Europe,6.714000225,1.44163394,1.49646008,0.805335939,2017
20,20,Chile,Latin America and Caribbean,6.65199995,1.25278461,1.284024954,0.819479704,2017
21,21,United Arab Emirates,Middle East and Northern Africa,6.647999763,1.626343369,1.266410232,0.726798236,2017
22,22,Brazil,Latin America and Caribbean,6.635000229,1.10735321,1.431306005,0.616552353,2017
23,23,Czech Republic,Central and Eastern Europe,6.609000206,1.352682352,1.433885217,0.754444003,2017
24,24,Argentina,Latin America and Caribbean,6.598999977,1.185295463,1.440451145,0.695137084,2017
25,25,Mexico,Latin America and Caribbean,6.578000069,1.153183818,1.21086216,0.709978998,2017
26,26,Singapore,Southeastern Asia,6.572000027,1.69227767,1.353814363,0.949492395,2017
27,27,Malta,Western Europe,6.52699995,1.343279839,1.488411665,0.821944237,2017
28,28,Uruguay,Latin America and Caribbean,6.453999996,1.217559695,1.412227869,0.719216824,2017
29,29,Guatemala,Latin America and Caribbean,6.453999996,0.872001946,1.255585194,0.54023999,2017
30,30,Panama,Latin America and Caribbean,6.452000141,1.233748436,1.373192549,0.706156135,2017
31,31,France,Western Europe,6.441999912,1.430923462,1.387776852,0.844465852,2017
32,32,Thailand,Southeastern Asia,6.423999786,1.127868772,1.425792456,0.647239029,2017
33,33,Taiwan Province of China,-,6.421999931,1.433626533,1.384565353,0.793984234,2017
34,34,Spain,Western Europe,6.402999878,1.384397864,1.532090902,0.8889606,2017
35,35,Qatar,Middle East and Northern Africa,6.375,1.870765686,1.27429688,0.710098088,2017
36,36,Colombia,Latin America and Caribbean,6.356999874,1.070622325,1.402182937,0.595027924,2017
37,37,Saudi Arabia,Middle East and Northern Africa,6.343999863,1.530623555,1.286677599,0.59014833,2017
38,38,Trinidad and Tobago,Latin America and Caribbean,6.168000221,1.361355901,1.380228519,0.519983292,2017
39,39,Kuwait,Middle East and Northern Africa,6.105000019,1.632952452,1.259698749,0.632105708,2017
40,40,Slovakia,Central and Eastern Europe,6.09800005,1.325393558,1.505059242,0.712732911,2017
41,41,Bahrain,Middle East and Northern Africa,6.086999893,1.488412261,1.323110461,0.653133035,2017
42,42,Malaysia,Southeastern Asia,6.084000111,1.29121542,1.284646034,0.618784428,2017
43,43,Nicaragua,Latin America and Caribbean,6.071000099,0.737299204,1.28721571,0.653095961,2017
44,44,Ecuador,Latin America and Caribbean,6.007999897,1.000820398,1.286168814,0.685636222,2017
45,45,El Salvador,Latin America and Caribbean,6.002999783,0.909784496,1.182125092,0.596018553,2017
46,46,Poland,Central and Eastern Europe,5.97300005,1.291787863,1.44571197,0.699475348,2017
47,47,Uzbekistan,Central and Eastern Europe,5.971000195,0.786441088,1.54896915,0.498272628,2017
48,48,Italy,Western Europe,5.964000225,1.395066619,1.444923282,0.853144348,2017
49,49,Russia,Central and Eastern Europe,5.962999821,1.281778097,1.469282389,0.547349334,2017
50,50,Belize,-,5.955999851,0.907975316,1.081417799,0.450191766,2017
51,51,Japan,Eastern Asia,5.920000076,1.416915178,1.436337829,0.913475871,2017
52,52,Lithuania,Central and Eastern Europe,5.90199995,1.314582348,1.473516107,0.62894994,2017
53,53,Algeria,Middle East and Northern Africa,5.872000217,1.091864467,1.146217465,0.617584646,2017
54,54,Latvia,Central and Eastern Europe,5.849999905,1.260748625,1.404714942,0.638566971,2017
55,55,South Korea,Eastern Asia,5.837999821,1.401678443,1.128274441,0.900214076,2017
56,56,Moldova,Central and Eastern Europe,5.837999821,0.72887063,1.251825571,0.589465201,2017
57,57,Romania,Central and Eastern Europe,5.824999809,1.217683911,1.15009129,0.685158312,2017
58,58,Bolivia,Latin America and Caribbean,5.822999954,0.833756566,1.227619052,0.47363025,2017
59,59,Turkmenistan,Central and Eastern Europe,5.822000027,1.130776763,1.493149161,0.43772608,2017
60,60,Kazakhstan,Central and Eastern Europe,5.818999767,1.28455627,1.384369016,0.606041551,2017
61,61,North Cyprus,Western Europe,5.809999943,1.346911311,1.186303377,0.834647238,2017
62,62,Slovenia,Central and Eastern Europe,5.757999897,1.341205955,1.452518821,0.790828228,2017
63,63,Peru,Latin America and Caribbean,5.715000153,1.035225272,1.218770385,0.630166113,2017
64,64,Mauritius,Sub-Saharan Africa,5.629000187,1.189395547,1.20956099,0.638007462,2017
65,65,Cyprus,Western Europe,5.620999813,1.355938077,1.131363273,0.844714701,2017
66,66,Estonia,Central and Eastern Europe,5.611000061,1.32087934,1.4766711,0.695168316,2017
67,67,Belarus,Central and Eastern Europe,5.568999767,1.15655756,1.444945216,0.637714267,2017
68,68,Libya,Middle East and Northern Africa,5.525000095,1.101803064,1.35756433,0.52016902,2017
69,69,Turkey,Middle East and Northern Africa,5.5,1.198274374,1.337753177,0.637605608,2017
70,70,Paraguay,Latin America and Caribbean,5.493000031,0.932537317,1.50728488,0.579250693,2017
71,71,"Hong Kong S.A.R., China",-,5.472000122,1.551674843,1.262790918,0.943062425,2017
72,72,Philippines,Southeastern Asia,5.429999828,0.857699215,1.253917575,0.468009055,2017
73,73,Serbia,Central and Eastern Europe,5.394999981,1.069317579,1.258189797,0.650784671,2017
74,74,Jordan,Middle East and Northern Africa,5.335999966,0.991012394,1.239088893,0.604590058,2017
75,75,Hungary,Central and Eastern Europe,5.323999882,1.286011934,1.343133092,0.687763453,2017
76,76,Jamaica,Latin America and Caribbean,5.31099987,0.925579309,1.368218064,0.641022384,2017
77,77,Croatia,Central and Eastern Europe,5.293000221,1.222556233,0.967983007,0.701288521,2017
78,78,Kosovo,Central and Eastern Europe,5.278999805,0.951484382,1.137853503,0.54145205,2017
79,79,China,Eastern Asia,5.272999763,1.081165791,1.160837412,0.741415501,2017
80,80,Pakistan,Southern Asia,5.269000053,0.726883531,0.67269069,0.402047783,2017
81,81,Indonesia,Southeastern Asia,5.262000084,0.995538592,1.274444699,0.492345721,2017
82,82,Venezuela,Latin America and Caribbean,5.25,1.128431201,1.431337595,0.617144227,2017
83,83,Montenegro,Central and Eastern Europe,5.236999989,1.121129036,1.238376498,0.667464674,2017
84,84,Morocco,Middle East and Northern Africa,5.235000134,0.878114581,0.774864435,0.597710669,2017
85,85,Azerbaijan,Central and Eastern Europe,5.234000206,1.153601766,1.152400255,0.540775776,2017
86,86,Dominican Republic,Latin America and Caribbean,5.230000019,1.079373837,1.402416706,0.574873745,2017
87,87,Greece,Western Europe,5.227000237,1.289487481,1.239414573,0.810198903,2017
88,88,Lebanon,Middle East and Northern Africa,5.224999905,1.074987531,1.129624248,0.735081077,2017
89,89,Portugal,Western Europe,5.195000172,1.315175295,1.367043018,0.795843542,2017
90,90,Bosnia and Herzegovina,Central and Eastern Europe,5.18200016,0.982409418,1.069335938,0.705186307,2017
91,91,Honduras,Latin America and Caribbean,5.181000233,0.730573118,1.143944979,0.58256948,2017
92,92,Macedonia,Central and Eastern Europe,5.175000191,1.064577937,1.207893014,0.644948184,2017
93,93,Somalia,-,5.151000023,0.022643184,0.721151352,0.113989137,2017
94,94,Vietnam,Southeastern Asia,5.073999882,0.788547575,1.277491331,0.652168989,2017
95,95,Nigeria,Sub-Saharan Africa,5.073999882,0.783756256,1.215770483,0.05691573,2017
96,96,Tajikistan,Central and Eastern Europe,5.040999889,0.524713635,1.271463275,0.529235125,2017
97,97,Bhutan,Southern Asia,5.011000156,0.885416389,1.340126514,0.495879292,2017
98,98,Kyrgyzstan,Central and Eastern Europe,5.004000187,0.596220076,1.394238591,0.553457797,2017
99,99,Nepal,Southern Asia,4.961999893,0.479820192,1.179283261,0.504130781,2017
100,100,Mongolia,Eastern Asia,4.954999924,1.027235866,1.493011236,0.557783484,2017
101,101,South Africa,Sub-Saharan Africa,4.828999996,1.054698706,1.384788632,0.18708007,2017
102,102,Tunisia,Middle East and Northern Africa,4.804999828,1.007265806,0.86835146,0.613212049,2017
103,103,Palestinian Territories,Middle East and Northern Africa,4.775000095,0.716249228,1.155647159,0.565666974,2017
104,104,Egypt,Middle East and Northern Africa,4.735000134,0.989701807,0.997471392,0.520187259,2017
105,105,Bulgaria,Central and Eastern Europe,4.714000225,1.161459088,1.434379458,0.70821768,2017
106,106,Sierra Leone,Sub-Saharan Africa,4.709000111,0.368420929,0.984136045,0.005564754,2017
107,107,Cameroon,Sub-Saharan Africa,4.695000172,0.564305365,0.946018219,0.132892117,2017
108,108,Iran,Middle East and Northern Africa,4.691999912,1.156873107,0.711551249,0.639333189,2017
109,109,Albania,Central and Eastern Europe,4.644000053,0.996192753,0.803685248,0.731159747,2017
110,110,Bangladesh,Southern Asia,4.607999802,0.586682975,0.735131741,0.533241034,2017
111,111,Namibia,-,4.573999882,0.964434326,1.098470807,0.338611811,2017
112,112,Kenya,Sub-Saharan Africa,4.552999973,0.560479462,1.067950726,0.30998835,2017
113,113,Mozambique,Sub-Saharan Africa,4.550000191,0.23430565,0.870701015,0.106654435,2017
114,114,Myanmar,Southeastern Asia,4.545000076,0.36711055,1.123235941,0.397522569,2017
115,115,Senegal,Sub-Saharan Africa,4.534999847,0.479309022,1.179691911,0.409362853,2017
116,116,Zambia,Sub-Saharan Africa,4.513999939,0.636406779,1.003187299,0.257835895,2017
117,117,Iraq,Middle East and Northern Africa,4.497000217,1.102710485,0.978613198,0.50118047,2017
118,118,Gabon,Sub-Saharan Africa,4.465000153,1.198210239,1.155620217,0.356578588,2017
119,119,Ethiopia,Sub-Saharan Africa,4.460000038,0.339233845,0.864669204,0.353409708,2017
120,120,Sri Lanka,Southern Asia,4.440000057,1.009850144,1.259976387,0.625130832,2017
121,121,Armenia,Central and Eastern Europe,4.375999928,0.900596738,1.007483721,0.637524426,2017
122,122,India,Southern Asia,4.315000057,0.792221248,0.754372597,0.455427617,2017
123,123,Mauritania,Sub-Saharan Africa,4.291999817,0.648457289,1.27203083,0.28534928,2017
124,124,Congo (Brazzaville),Sub-Saharan Africa,4.290999889,0.808964252,0.832044363,0.289957434,2017
125,125,Georgia,Central and Eastern Europe,4.285999775,0.950612664,0.570614934,0.649546981,2017
126,126,Congo (Kinshasa),Sub-Saharan Africa,4.28000021,0.092102349,1.229023457,0.191407025,2017
127,127,Mali,Sub-Saharan Africa,4.190000057,0.476180494,1.281473398,0.169365674,2017
128,128,Ivory Coast,Sub-Saharan Africa,4.179999828,0.603048921,0.90478003,0.04864217,2017
129,129,Cambodia,Southeastern Asia,4.168000221,0.601765096,1.006238341,0.429783404,2017
130,130,Sudan,Sub-Saharan Africa,4.138999939,0.659516692,1.21400857,0.290920824,2017
131,131,Ghana,Sub-Saharan Africa,4.119999886,0.667224824,0.873664737,0.295637727,2017
132,132,Ukraine,Central and Eastern Europe,4.096000195,0.894651949,1.394537568,0.575903952,2017
133,133,Uganda,Sub-Saharan Africa,4.080999851,0.381430715,1.129827738,0.217632607,2017
134,134,Burkina Faso,Sub-Saharan Africa,4.032000065,0.350227714,1.043280005,0.215844259,2017
135,135,Niger,Sub-Saharan Africa,4.027999878,0.161925331,0.993025005,0.268505007,2017
136,136,Malawi,Sub-Saharan Africa,3.970000029,0.233442038,0.512568831,0.315089583,2017
137,137,Chad,Sub-Saharan Africa,3.936000109,0.438012987,0.953855872,0.041134715,2017
138,138,Zimbabwe,Sub-Saharan Africa,3.875,0.375846535,1.083095908,0.196763754,2017
139,139,Lesotho,Sub-Saharan Africa,3.808000088,0.521021247,1.190095186,0,2017
140,140,Angola,Sub-Saharan Africa,3.795000076,0.85842818,1.10441196,0.049868666,2017
141,141,Afghanistan,Southern Asia,3.79399991,0.401477218,0.581543326,0.180746779,2017
142,142,Botswana,Sub-Saharan Africa,3.766000032,1.122094154,1.221554995,0.341755509,2017
143,143,Benin,Sub-Saharan Africa,3.657000065,0.431085408,0.435299844,0.209930211,2017
144,144,Madagascar,Sub-Saharan Africa,3.644000053,0.305808693,0.913020372,0.375223309,2017
145,145,Haiti,Latin America and Caribbean,3.602999926,0.368610263,0.640449822,0.27732113,2017
146,146,Yemen,Middle East and Northern Africa,3.592999935,0.591683447,0.935382247,0.310080916,2017
147,147,South Sudan,-,3.59100008,0.397248626,0.601323128,0.163486004,2017
148,148,Liberia,Sub-Saharan Africa,3.532999992,0.119041793,0.872117937,0.229918197,2017
149,149,Guinea,Sub-Saharan Africa,3.506999969,0.24454993,0.791244686,0.194129139,2017
150,150,Togo,Sub-Saharan Africa,3.494999886,0.305444717,0.43188253,0.247105569,2017
151,151,Rwanda,Sub-Saharan Africa,3.470999956,0.368745893,0.945707023,0.326424807,2017
152,152,Syria,Middle East and Northern Africa,3.461999893,0.777153134,0.396102607,0.500533342,2017
153,153,Tanzania,Sub-Saharan Africa,3.348999977,0.511135876,1.041989803,0.364509284,2017
154,154,Burundi,Sub-Saharan Africa,2.904999971,0.091622569,0.629793584,0.151610792,2017
155,155,Central African Republic,Sub-Saharan Africa,2.693000078,0,0,0.018772686,2017
1,1,Finland,Western Europe,7.632,1.305,1.592,0.874,2018
2,2,Norway,Western Europe,7.594,1.456,1.582,0.861,2018
3,3,Denmark,Western Europe,7.555,1.351,1.59,0.868,2018
4,4,Iceland,Western Europe,7.495,1.343,1.644,0.914,2018
5,5,Switzerland,Western Europe,7.487,1.42,1.549,0.927,2018
6,6,Netherlands,Western Europe,7.441,1.361,1.488,0.878,2018
7,7,Canada,North America,7.328,1.33,1.532,0.896,2018
8,8,New Zealand,Australia and New Zealand,7.324,1.268,1.601,0.876,2018
9,9,Sweden,Western Europe,7.314,1.355,1.501,0.913,2018
10,10,Australia,Australia and New Zealand,7.272,1.34,1.573,0.91,2018
11,11,United Kingdom,Western Europe,7.19,1.244,1.433,0.888,2018
12,12,Austria,Western Europe,7.139,1.341,1.504,0.891,2018
13,13,Costa Rica,Latin America and Caribbean,7.072,1.01,1.459,0.817,2018
14,14,Ireland,Western Europe,6.977,1.448,1.583,0.876,2018
15,15,Germany,Western Europe,6.965,1.34,1.474,0.861,2018
16,16,Belgium,Western Europe,6.927,1.324,1.483,0.894,2018
17,17,Luxembourg,Western Europe,6.91,1.576,1.52,0.896,2018
18,18,United States,North America,6.886,1.398,1.471,0.819,2018
19,19,Israel,Middle East and Northern Africa,6.814,1.301,1.559,0.883,2018
20,21,Czech Republic,Central and Eastern Europe,6.711,1.233,1.489,0.854,2018
21,22,Malta,Western Europe,6.627,1.27,1.525,0.884,2018
22,23,France,Western Europe,6.489,1.293,1.466,0.908,2018
23,24,Mexico,Latin America and Caribbean,6.488,1.038,1.252,0.761,2018
24,25,Chile,Latin America and Caribbean,6.476,1.131,1.331,0.808,2018
25,26,Taiwan,Eastern Asia,6.441,1.365,1.436,0.857,2018
26,27,Panama,Latin America and Caribbean,6.43,1.112,1.438,0.759,2018
27,28,Brazil,Latin America and Caribbean,6.419,0.986,1.474,0.675,2018
28,29,Argentina,Latin America and Caribbean,6.388,1.073,1.468,0.744,2018
29,30,Guatemala,Latin America and Caribbean,6.382,0.781,1.268,0.608,2018
30,31,Uruguay,Latin America and Caribbean,6.379,1.093,1.459,0.771,2018
31,32,Qatar,Middle East and Northern Africa,6.374,1.649,1.303,0.748,2018
32,33,Saudi Arabia,Middle East and Northern Africa,6.371,1.379,1.331,0.633,2018
33,34,Singapore,Southeastern Asia,6.343,1.529,1.451,1.008,2018
34,35,Malaysia,Southeastern Asia,6.322,1.161,1.258,0.669,2018
35,36,Spain,Western Europe,6.31,1.251,1.538,0.965,2018
36,37,Colombia,Latin America and Caribbean,6.26,0.96,1.439,0.635,2018
37,38,Trinidad & Tobago,-,6.192,1.223,1.492,0.564,2018
38,39,Slovakia,Central and Eastern Europe,6.173,1.21,1.537,0.776,2018
39,40,El Salvador,Latin America and Caribbean,6.167,0.806,1.231,0.639,2018
40,41,Nicaragua,Latin America and Caribbean,6.141,0.668,1.319,0.7,2018
41,42,Poland,Central and Eastern Europe,6.123,1.176,1.448,0.781,2018
42,43,Bahrain,Middle East and Northern Africa,6.105,1.338,1.366,0.698,2018
43,44,Uzbekistan,Central and Eastern Europe,6.096,0.719,1.584,0.605,2018
44,45,Kuwait,Middle East and Northern Africa,6.083,1.474,1.301,0.675,2018
45,46,Thailand,Southeastern Asia,6.072,1.016,1.417,0.707,2018
46,47,Italy,Western Europe,6,1.264,1.501,0.946,2018
47,48,Ecuador,Latin America and Caribbean,5.973,0.889,1.33,0.736,2018
48,49,Belize,-,5.956,0.807,1.101,0.474,2018
49,50,Lithuania,Central and Eastern Europe,5.952,1.197,1.527,0.716,2018
50,51,Slovenia,Central and Eastern Europe,5.948,1.219,1.506,0.856,2018
51,52,Romania,Central and Eastern Europe,5.945,1.116,1.219,0.726,2018
52,53,Latvia,Central and Eastern Europe,5.933,1.148,1.454,0.671,2018
53,54,Japan,Eastern Asia,5.915,1.294,1.462,0.988,2018
54,55,Mauritius,Sub-Saharan Africa,5.891,1.09,1.387,0.684,2018
55,56,Jamaica,Latin America and Caribbean,5.89,0.819,1.493,0.693,2018
56,57,South Korea,Eastern Asia,5.875,1.266,1.204,0.955,2018
57,58,Northern Cyprus,-,5.835,1.229,1.211,0.909,2018
58,59,Russia,Central and Eastern Europe,5.81,1.151,1.479,0.599,2018
59,60,Kazakhstan,Central and Eastern Europe,5.79,1.143,1.516,0.631,2018
60,61,Cyprus,Western Europe,5.762,1.229,1.191,0.909,2018
61,62,Bolivia,Latin America and Caribbean,5.752,0.751,1.223,0.508,2018
62,63,Estonia,Central and Eastern Europe,5.739,1.2,1.532,0.737,2018
63,64,Paraguay,Latin America and Caribbean,5.681,0.835,1.522,0.615,2018
64,65,Peru,Latin America and Caribbean,5.663,0.934,1.249,0.674,2018
65,66,Kosovo,Central and Eastern Europe,5.662,0.855,1.23,0.578,2018
66,67,Moldova,Central and Eastern Europe,5.64,0.657,1.301,0.62,2018
67,68,Turkmenistan,Central and Eastern Europe,5.636,1.016,1.533,0.517,2018
68,69,Hungary,Central and Eastern Europe,5.62,1.171,1.401,0.732,2018
69,70,Libya,Middle East and Northern Africa,5.566,0.985,1.35,0.553,2018
70,71,Philippines,Southeastern Asia,5.524,0.775,1.312,0.513,2018
71,72,Honduras,Latin America and Caribbean,5.504,0.62,1.205,0.622,2018
72,73,Belarus,Central and Eastern Europe,5.483,1.039,1.498,0.7,2018
73,74,Turkey,Middle East and Northern Africa,5.483,1.148,1.38,0.686,2018
74,75,Pakistan,Southern Asia,5.472,0.652,0.81,0.424,2018
75,76,Hong Kong,Eastern Asia,5.43,1.405,1.29,1.03,2018
76,77,Portugal,Western Europe,5.41,1.188,1.429,0.884,2018
77,78,Serbia,Central and Eastern Europe,5.398,0.975,1.369,0.685,2018
78,79,Greece,Western Europe,5.358,1.154,1.202,0.879,2018
79,80,Lebanon,Middle East and Northern Africa,5.358,0.965,1.179,0.785,2018
80,81,Montenegro,Central and Eastern Europe,5.347,1.017,1.279,0.729,2018
81,82,Croatia,Central and Eastern Europe,5.321,1.115,1.161,0.737,2018
82,83,Dominican Republic,Latin America and Caribbean,5.302,0.982,1.441,0.614,2018
83,84,Algeria,Middle East and Northern Africa,5.295,0.979,1.154,0.687,2018
84,85,Morocco,Middle East and Northern Africa,5.254,0.779,0.797,0.669,2018
85,86,China,Eastern Asia,5.246,0.989,1.142,0.799,2018
86,87,Azerbaijan,Central and Eastern Europe,5.201,1.024,1.161,0.603,2018
87,88,Tajikistan,Central and Eastern Europe,5.199,0.474,1.166,0.598,2018
88,89,Macedonia,Central and Eastern Europe,5.185,0.959,1.239,0.691,2018
89,90,Jordan,Middle East and Northern Africa,5.161,0.822,1.265,0.645,2018
90,91,Nigeria,Sub-Saharan Africa,5.155,0.689,1.172,0.048,2018
91,92,Kyrgyzstan,Central and Eastern Europe,5.131,0.53,1.416,0.594,2018
92,93,Bosnia and Herzegovina,Central and Eastern Europe,5.129,0.915,1.078,0.758,2018
93,94,Mongolia,Eastern Asia,5.125,0.914,1.517,0.575,2018
94,95,Vietnam,Southeastern Asia,5.103,0.715,1.365,0.702,2018
95,96,Indonesia,Southeastern Asia,5.093,0.899,1.215,0.522,2018
96,97,Bhutan,Southern Asia,5.082,0.796,1.335,0.527,2018
97,98,Somalia,-,4.982,0,0.712,0.115,2018
98,99,Cameroon,Sub-Saharan Africa,4.975,0.535,0.891,0.182,2018
99,100,Bulgaria,Central and Eastern Europe,4.933,1.054,1.515,0.712,2018
100,101,Nepal,Southern Asia,4.88,0.425,1.228,0.539,2018
101,102,Venezuela,Latin America and Caribbean,4.806,0.996,1.469,0.657,2018
102,103,Gabon,Sub-Saharan Africa,4.758,1.036,1.164,0.404,2018
103,104,Palestinian Territories,Middle East and Northern Africa,4.743,0.642,1.217,0.602,2018
104,105,South Africa,Sub-Saharan Africa,4.724,0.94,1.41,0.33,2018
105,106,Iran,Middle East and Northern Africa,4.707,1.059,0.771,0.691,2018
106,107,Ivory Coast,Sub-Saharan Africa,4.671,0.541,0.872,0.08,2018
107,108,Ghana,Sub-Saharan Africa,4.657,0.592,0.896,0.337,2018
108,109,Senegal,Sub-Saharan Africa,4.631,0.429,1.117,0.433,2018
109,110,Laos,Southeastern Asia,4.623,0.72,1.034,0.441,2018
110,111,Tunisia,Middle East and Northern Africa,4.592,0.9,0.906,0.69,2018
111,112,Albania,Central and Eastern Europe,4.586,0.916,0.817,0.79,2018
112,113,Sierra Leone,Sub-Saharan Africa,4.571,0.256,0.813,0,2018
113,114,Congo (Brazzaville),Sub-Saharan Africa,4.559,0.682,0.811,0.343,2018
114,115,Bangladesh,Southern Asia,4.5,0.532,0.85,0.579,2018
115,116,Sri Lanka,Southern Asia,4.471,0.918,1.314,0.672,2018
116,117,Iraq,Middle East and Northern Africa,4.456,1.01,0.971,0.536,2018
117,118,Mali,Sub-Saharan Africa,4.447,0.37,1.233,0.152,2018
118,119,Namibia,-,4.441,0.874,1.281,0.365,2018
119,120,Cambodia,Southeastern Asia,4.433,0.549,1.088,0.457,2018
120,121,Burkina Faso,Sub-Saharan Africa,4.424,0.314,1.097,0.254,2018
121,122,Egypt,Middle East and Northern Africa,4.419,0.885,1.025,0.553,2018
122,123,Mozambique,Sub-Saharan Africa,4.417,0.198,0.902,0.173,2018
123,124,Kenya,Sub-Saharan Africa,4.41,0.493,1.048,0.454,2018
124,125,Zambia,Sub-Saharan Africa,4.377,0.562,1.047,0.295,2018
125,126,Mauritania,Sub-Saharan Africa,4.356,0.557,1.245,0.292,2018
126,127,Ethiopia,Sub-Saharan Africa,4.35,0.308,0.95,0.391,2018
127,128,Georgia,Central and Eastern Europe,4.34,0.853,0.592,0.643,2018
128,129,Armenia,Central and Eastern Europe,4.321,0.816,0.99,0.666,2018
129,130,Myanmar,Southeastern Asia,4.308,0.682,1.174,0.429,2018
130,131,Chad,Sub-Saharan Africa,4.301,0.358,0.907,0.053,2018
131,132,Congo (Kinshasa),Sub-Saharan Africa,4.245,0.069,1.136,0.204,2018
132,133,India,Southern Asia,4.19,0.721,0.747,0.485,2018
133,134,Niger,Sub-Saharan Africa,4.166,0.131,0.867,0.221,2018
134,135,Uganda,Sub-Saharan Africa,4.161,0.322,1.09,0.237,2018
135,136,Benin,Sub-Saharan Africa,4.141,0.378,0.372,0.24,2018
136,137,Sudan,Sub-Saharan Africa,4.139,0.605,1.24,0.312,2018
137,138,Ukraine,Central and Eastern Europe,4.103,0.793,1.413,0.609,2018
138,139,Togo,Sub-Saharan Africa,3.999,0.259,0.474,0.253,2018
139,140,Guinea,Sub-Saharan Africa,3.964,0.344,0.792,0.211,2018
140,141,Lesotho,Sub-Saharan Africa,3.808,0.472,1.215,0.079,2018
141,142,Angola,Sub-Saharan Africa,3.795,0.73,1.125,0.269,2018
142,143,Madagascar,Sub-Saharan Africa,3.774,0.262,0.908,0.402,2018
143,144,Zimbabwe,Sub-Saharan Africa,3.692,0.357,1.094,0.248,2018
144,145,Afghanistan,Southern Asia,3.632,0.332,0.537,0.255,2018
145,146,Botswana,Sub-Saharan Africa,3.59,1.017,1.174,0.417,2018
146,147,Malawi,Sub-Saharan Africa,3.587,0.186,0.541,0.306,2018
147,148,Haiti,Latin America and Caribbean,3.582,0.315,0.714,0.289,2018
148,149,Liberia,Sub-Saharan Africa,3.495,0.076,0.858,0.267,2018
149,150,Syria,Middle East and Northern Africa,3.462,0.689,0.382,0.539,2018
150,151,Rwanda,Sub-Saharan Africa,3.408,0.332,0.896,0.4,2018
151,152,Yemen,Middle East and Northern Africa,3.355,0.442,1.073,0.343,2018
152,153,Tanzania,Sub-Saharan Africa,3.303,0.455,0.991,0.381,2018
153,154,South Sudan,-,3.254,0.337,0.608,0.177,2018
154,155,Central African Republic,Sub-Saharan Africa,3.083,0.024,0,0.01,2018
155,156,Burundi,Sub-Saharan Africa,2.905,0.091,0.627,0.145,2018
1,1,Finland,Western Europe,7.769,1.34,1.587,0.986,2019
2,2,Denmark,Western Europe,7.6,1.383,1.573,0.996,2019
3,3,Norway,Western Europe,7.554,1.488,1.582,1.028,2019
4,4,Iceland,Western Europe,7.494,1.38,1.624,1.026,2019
5,5,Netherlands,Western Europe,7.488,1.396,1.522,0.999,2019
6,6,Switzerland,Western Europe,7.48,1.452,1.526,1.052,2019
7,7,Sweden,Western Europe,7.343,1.387,1.487,1.009,2019
8,8,New Zealand,Australia and New Zealand,7.307,1.303,1.557,1.026,2019
9,9,Canada,North America,7.278,1.365,1.505,1.039,2019
10,10,Austria,Western Europe,7.246,1.376,1.475,1.016,2019
11,11,Australia,Australia and New Zealand,7.228,1.372,1.548,1.036,2019
12,12,Costa Rica,Latin America and Caribbean,7.167,1.034,1.441,0.963,2019
13,13,Israel,Middle East and Northern Africa,7.139,1.276,1.455,1.029,2019
14,14,Luxembourg,Western Europe,7.09,1.609,1.479,1.012,2019
15,15,United Kingdom,Western Europe,7.054,1.333,1.538,0.996,2019
16,16,Ireland,Western Europe,7.021,1.499,1.553,0.999,2019
17,17,Germany,Western Europe,6.985,1.373,1.454,0.987,2019
18,18,Belgium,Western Europe,6.923,1.356,1.504,0.986,2019
19,19,United States,North America,6.892,1.433,1.457,0.874,2019
20,20,Czech Republic,Central and Eastern Europe,6.852,1.269,1.487,0.92,2019
21,21,United Arab Emirates,Middle East and Northern Africa,6.825,1.503,1.31,0.825,2019
22,22,Malta,Western Europe,6.726,1.3,1.52,0.999,2019
23,23,Mexico,Latin America and Caribbean,6.595,1.07,1.323,0.861,2019
24,24,France,Western Europe,6.592,1.324,1.472,1.045,2019
25,25,Taiwan,Eastern Asia,6.446,1.368,1.43,0.914,2019
26,26,Chile,Latin America and Caribbean,6.444,1.159,1.369,0.92,2019
27,27,Guatemala,Latin America and Caribbean,6.436,0.8,1.269,0.746,2019
28,28,Saudi Arabia,Middle East and Northern Africa,6.375,1.403,1.357,0.795,2019
29,29,Qatar,Middle East and Northern Africa,6.374,1.684,1.313,0.871,2019
30,30,Spain,Western Europe,6.354,1.286,1.484,1.062,2019
31,31,Panama,Latin America and Caribbean,6.321,1.149,1.442,0.91,2019
32,32,Brazil,Latin America and Caribbean,6.3,1.004,1.439,0.802,2019
33,33,Uruguay,Latin America and Caribbean,6.293,1.124,1.465,0.891,2019
34,34,Singapore,Southeastern Asia,6.262,1.572,1.463,1.141,2019
35,35,El Salvador,Latin America and Caribbean,6.253,0.794,1.242,0.789,2019
36,36,Italy,Western Europe,6.223,1.294,1.488,1.039,2019
37,37,Bahrain,Middle East and Northern Africa,6.199,1.362,1.368,0.871,2019
38,38,Slovakia,Central and Eastern Europe,6.198,1.246,1.504,0.881,2019
39,39,Trinidad & Tobago,-,6.192,1.231,1.477,0.713,2019
40,40,Poland,Central and Eastern Europe,6.182,1.206,1.438,0.884,2019
41,41,Uzbekistan,Central and Eastern Europe,6.174,0.745,1.529,0.756,2019
42,42,Lithuania,Central and Eastern Europe,6.149,1.238,1.515,0.818,2019
43,43,Colombia,Latin America and Caribbean,6.125,0.985,1.41,0.841,2019
44,44,Slovenia,Central and Eastern Europe,6.118,1.258,1.523,0.953,2019
45,45,Nicaragua,Latin America and Caribbean,6.105,0.694,1.325,0.835,2019
46,46,Kosovo,Central and Eastern Europe,6.1,0.882,1.232,0.758,2019
47,47,Argentina,Latin America and Caribbean,6.086,1.092,1.432,0.881,2019
48,48,Romania,Central and Eastern Europe,6.07,1.162,1.232,0.825,2019
49,49,Cyprus,Western Europe,6.046,1.263,1.223,1.042,2019
50,50,Ecuador,Latin America and Caribbean,6.028,0.912,1.312,0.868,2019
51,51,Kuwait,Middle East and Northern Africa,6.021,1.5,1.319,0.808,2019
52,52,Thailand,Southeastern Asia,6.008,1.05,1.409,0.828,2019
53,53,Latvia,Central and Eastern Europe,5.94,1.187,1.465,0.812,2019
54,54,South Korea,Eastern Asia,5.895,1.301,1.219,1.036,2019
55,55,Estonia,Central and Eastern Europe,5.893,1.237,1.528,0.874,2019
56,56,Jamaica,Latin America and Caribbean,5.89,0.831,1.478,0.831,2019
57,57,Mauritius,Sub-Saharan Africa,5.888,1.12,1.402,0.798,2019
58,58,Japan,Eastern Asia,5.886,1.327,1.419,1.088,2019
59,59,Honduras,Latin America and Caribbean,5.86,0.642,1.236,0.828,2019
60,60,Kazakhstan,Central and Eastern Europe,5.809,1.173,1.508,0.729,2019
61,61,Bolivia,Latin America and Caribbean,5.779,0.776,1.209,0.706,2019
62,62,Hungary,Central and Eastern Europe,5.758,1.201,1.41,0.828,2019
63,63,Paraguay,Latin America and Caribbean,5.743,0.855,1.475,0.777,2019
64,64,Northern Cyprus,-,5.718,1.263,1.252,1.042,2019
65,65,Peru,Latin America and Caribbean,5.697,0.96,1.274,0.854,2019
66,66,Portugal,Western Europe,5.693,1.221,1.431,0.999,2019
67,67,Pakistan,Southern Asia,5.653,0.677,0.886,0.535,2019
68,68,Russia,Central and Eastern Europe,5.648,1.183,1.452,0.726,2019
69,69,Philippines,Southeastern Asia,5.631,0.807,1.293,0.657,2019
70,70,Serbia,Central and Eastern Europe,5.603,1.004,1.383,0.854,2019
71,71,Moldova,Central and Eastern Europe,5.529,0.685,1.328,0.739,2019
72,72,Libya,Middle East and Northern Africa,5.525,1.044,1.303,0.673,2019
73,73,Montenegro,Central and Eastern Europe,5.523,1.051,1.361,0.871,2019
74,74,Tajikistan,Central and Eastern Europe,5.467,0.493,1.098,0.718,2019
75,75,Croatia,Central and Eastern Europe,5.432,1.155,1.266,0.914,2019
76,76,Hong Kong,Eastern Asia,5.43,1.438,1.277,1.122,2019
77,77,Dominican Republic,Latin America and Caribbean,5.425,1.015,1.401,0.779,2019
78,78,Bosnia and Herzegovina,Central and Eastern Europe,5.386,0.945,1.212,0.845,2019
79,79,Turkey,Middle East and Northern Africa,5.373,1.183,1.36,0.808,2019
80,80,Malaysia,Southeastern Asia,5.339,1.221,1.171,0.828,2019
81,81,Belarus,Central and Eastern Europe,5.323,1.067,1.465,0.789,2019
82,82,Greece,Western Europe,5.287,1.181,1.156,0.999,2019
83,83,Mongolia,Eastern Asia,5.285,0.948,1.531,0.667,2019
84,84,North Macedonia,-,5.274,0.983,1.294,0.838,2019
85,85,Nigeria,Sub-Saharan Africa,5.265,0.696,1.111,0.245,2019
86,86,Kyrgyzstan,Central and Eastern Europe,5.261,0.551,1.438,0.723,2019
87,87,Turkmenistan,Central and Eastern Europe,5.247,1.052,1.538,0.657,2019
88,88,Algeria,Middle East and Northern Africa,5.211,1.002,1.16,0.785,2019
89,89,Morocco,Middle East and Northern Africa,5.208,0.801,0.782,0.782,2019
90,90,Azerbaijan,Central and Eastern Europe,5.208,1.043,1.147,0.769,2019
91,91,Lebanon,Middle East and Northern Africa,5.197,0.987,1.224,0.815,2019
92,92,Indonesia,Southeastern Asia,5.192,0.931,1.203,0.66,2019
93,93,China,Eastern Asia,5.191,1.029,1.125,0.893,2019
94,94,Vietnam,Southeastern Asia,5.175,0.741,1.346,0.851,2019
95,95,Bhutan,Southern Asia,5.082,0.813,1.321,0.604,2019
96,96,Cameroon,Sub-Saharan Africa,5.044,0.549,0.91,0.331,2019
97,97,Bulgaria,Central and Eastern Europe,5.011,1.092,1.513,0.815,2019
98,98,Ghana,Sub-Saharan Africa,4.996,0.611,0.868,0.486,2019
99,99,Ivory Coast,Sub-Saharan Africa,4.944,0.569,0.808,0.232,2019
100,100,Nepal,Southern Asia,4.913,0.446,1.226,0.677,2019
101,101,Jordan,Middle East and Northern Africa,4.906,0.837,1.225,0.815,2019
102,102,Benin,Sub-Saharan Africa,4.883,0.393,0.437,0.397,2019
103,103,Congo (Brazzaville),Sub-Saharan Africa,4.812,0.673,0.799,0.508,2019
104,104,Gabon,Sub-Saharan Africa,4.799,1.057,1.183,0.571,2019
105,105,Laos,Southeastern Asia,4.796,0.764,1.03,0.551,2019
106,106,South Africa,Sub-Saharan Africa,4.722,0.96,1.351,0.469,2019
107,107,Albania,Central and Eastern Europe,4.719,0.947,0.848,0.874,2019
108,108,Venezuela,Latin America and Caribbean,4.707,0.96,1.427,0.805,2019
109,109,Cambodia,Southeastern Asia,4.7,0.574,1.122,0.637,2019
110,110,Palestinian Territories,Middle East and Northern Africa,4.696,0.657,1.247,0.672,2019
111,111,Senegal,Sub-Saharan Africa,4.681,0.45,1.134,0.571,2019
112,112,Somalia,-,4.668,0,0.698,0.268,2019
113,113,Namibia,-,4.639,0.879,1.313,0.477,2019
114,114,Niger,Sub-Saharan Africa,4.628,0.138,0.774,0.366,2019
115,115,Burkina Faso,Sub-Saharan Africa,4.587,0.331,1.056,0.38,2019
116,116,Armenia,Central and Eastern Europe,4.559,0.85,1.055,0.815,2019
117,117,Iran,Middle East and Northern Africa,4.548,1.1,0.842,0.785,2019
118,118,Guinea,Sub-Saharan Africa,4.534,0.38,0.829,0.375,2019
119,119,Georgia,Central and Eastern Europe,4.519,0.886,0.666,0.752,2019
120,120,Gambia,-,4.516,0.308,0.939,0.428,2019
121,121,Kenya,Sub-Saharan Africa,4.509,0.512,0.983,0.581,2019
122,122,Mauritania,Sub-Saharan Africa,4.49,0.57,1.167,0.489,2019
123,123,Mozambique,Sub-Saharan Africa,4.466,0.204,0.986,0.39,2019
124,124,Tunisia,Middle East and Northern Africa,4.461,0.921,1,0.815,2019
125,125,Bangladesh,Southern Asia,4.456,0.562,0.928,0.723,2019
126,126,Iraq,Middle East and Northern Africa,4.437,1.043,0.98,0.574,2019
127,127,Congo (Kinshasa),Sub-Saharan Africa,4.418,0.094,1.125,0.357,2019
128,128,Mali,Sub-Saharan Africa,4.39,0.385,1.105,0.308,2019
129,129,Sierra Leone,Sub-Saharan Africa,4.374,0.268,0.841,0.242,2019
130,130,Sri Lanka,Southern Asia,4.366,0.949,1.265,0.831,2019
131,131,Myanmar,Southeastern Asia,4.36,0.71,1.181,0.555,2019
132,132,Chad,Sub-Saharan Africa,4.35,0.35,0.766,0.192,2019
133,133,Ukraine,Central and Eastern Europe,4.332,0.82,1.39,0.739,2019
134,134,Ethiopia,Sub-Saharan Africa,4.286,0.336,1.033,0.532,2019
135,135,Swaziland,Sub-Saharan Africa,4.212,0.811,1.149,0,2019
136,136,Uganda,Sub-Saharan Africa,4.189,0.332,1.069,0.443,2019
137,137,Egypt,Middle East and Northern Africa,4.166,0.913,1.039,0.644,2019
138,138,Zambia,Sub-Saharan Africa,4.107,0.578,1.058,0.426,2019
139,139,Togo,Sub-Saharan Africa,4.085,0.275,0.572,0.41,2019
140,140,India,Southern Asia,4.015,0.755,0.765,0.588,2019
141,141,Liberia,Sub-Saharan Africa,3.975,0.073,0.922,0.443,2019
142,142,Comoros,Sub-Saharan Africa,3.973,0.274,0.757,0.505,2019
143,143,Madagascar,Sub-Saharan Africa,3.933,0.274,0.916,0.555,2019
144,144,Lesotho,Sub-Saharan Africa,3.802,0.489,1.169,0.168,2019
145,145,Burundi,Sub-Saharan Africa,3.775,0.046,0.447,0.38,2019
146,146,Zimbabwe,Sub-Saharan Africa,3.663,0.366,1.114,0.433,2019
147,147,Haiti,Latin America and Caribbean,3.597,0.323,0.688,0.449,2019
148,148,Botswana,Sub-Saharan Africa,3.488,1.041,1.145,0.538,2019
149,149,Syria,Middle East and Northern Africa,3.462,0.619,0.378,0.44,2019
150,150,Malawi,Sub-Saharan Africa,3.41,0.191,0.56,0.495,2019
151,151,Yemen,Middle East and Northern Africa,3.38,0.287,1.163,0.463,2019
152,152,Rwanda,Sub-Saharan Africa,3.334,0.359,0.711,0.614,2019
153,153,Tanzania,Sub-Saharan Africa,3.231,0.476,0.885,0.499,2019
154,154,Afghanistan,Southern Asia,3.203,0.35,0.517,0.361,2019
155,155,Central African Republic,Sub-Saharan Africa,3.083,0.026,0,0.105,2019
156,156,South Sudan,-,2.853,0.306,0.575,0.295,2019
1,1,Finland,Western Europe,7.808700085,1.285189509,1.499525905,0.961271405,2020
2,2,Denmark,Western Europe,7.645599842,1.326948524,1.503449202,0.979332566,2020
3,3,Switzerland,Western Europe,7.559899807,1.39077425,1.472403407,1.040533185,2020
4,4,Iceland,Western Europe,7.504499912,1.326501608,1.547567487,1.000843406,2020
5,5,Norway,Western Europe,7.487999916,1.42420733,1.495172501,1.008071899,2020
6,6,Netherlands,Western Europe,7.448900223,1.338946342,1.463645935,0.975675344,2020
7,7,Sweden,Western Europe,7.353499889,1.322235227,1.433347702,0.986470461,2020
8,8,New Zealand,North America and ANZ,7.299600124,1.242317915,1.48721838,1.008138299,2020
9,9,Austria,Western Europe,7.294199944,1.317285538,1.437444925,1.000933528,2020
10,10,Luxembourg,Western Europe,7.237500191,1.536676049,1.387528419,0.986442685,2020
11,11,Canada,North America and ANZ,7.23210001,1.301647663,1.435391903,1.022501945,2020
12,12,Australia,North America and ANZ,7.222799778,1.310396433,1.477146268,1.022607684,2020
13,13,United Kingdom,Western Europe,7.164500237,1.273061037,1.457844973,0.97570008,2020
14,14,Israel,Middle East and North Africa,7.128600121,1.216463685,1.403256774,1.008052945,2020
15,15,Costa Rica,Latin America and Caribbean,7.121399879,0.981107712,1.374853611,0.939635336,2020
16,16,Ireland,Western Europe,7.093699932,1.446886778,1.470596433,0.975670695,2020
17,17,Germany,Western Europe,7.075799942,1.314184546,1.368543744,0.972114801,2020
18,18,United States,North America and ANZ,6.939599991,1.37398684,1.404786706,0.831618011,2020
19,19,Czech Republic,Central and Eastern Europe,6.910900116,1.212322354,1.40528667,0.89456445,2020
20,20,Belgium,Western Europe,6.863500118,1.295842767,1.398677588,0.964901149,2020
21,21,United Arab Emirates,Middle East and North Africa,6.790800095,1.431086421,1.251170993,0.787814438,2020
22,22,Malta,Western Europe,6.772799969,1.252513289,1.442956924,0.972042024,2020
23,23,France,Western Europe,6.663799763,1.268129349,1.458839178,1.029714227,2020
24,24,Mexico,Latin America and Caribbean,6.465000153,1.024387479,1.226333499,0.831601024,2020
25,25,Taiwan Province of China,East Asia,6.45539999,1.327470541,1.357760668,0.878437996,2020
26,26,Uruguay,Latin America and Caribbean,6.440100193,1.071000457,1.425081134,0.856928885,2020
27,27,Saudi Arabia,Middle East and North Africa,6.406499863,1.334328532,1.309950113,0.759818137,2020
28,28,Spain,Western Europe,6.400899887,1.230535269,1.421099186,1.051343083,2020
29,29,Guatemala,Latin America and Caribbean,6.398900032,0.753815711,1.174267054,0.705952585,2020
30,30,Italy,Western Europe,6.38740015,1.236396074,1.347296,1.022504926,2020
31,31,Singapore,Southeast Asia,6.377099991,1.519580126,1.39545691,1.137814283,2020
32,32,Brazil,Latin America and Caribbean,6.375599861,0.952679873,1.363464117,0.766119063,2020
33,33,Slovenia,Central and Eastern Europe,6.363399982,1.208652496,1.464677691,0.932548046,2020
34,34,El Salvador,Latin America and Caribbean,6.34829998,0.748940408,1.149397612,0.752730012,2020
35,35,Kosovo,Central and Eastern Europe,6.325200081,0.840481341,1.183962822,0.672709167,2020
36,36,Panama,Latin America and Caribbean,6.304800034,1.097667813,1.376149297,0.878546536,2020
37,37,Slovakia,Central and Eastern Europe,6.280600071,1.194837689,1.424331188,0.853465259,2020
38,38,Uzbekistan,Commonwealth of Independent States,6.257599831,0.696652949,1.434020042,0.716703713,2020
39,39,Chile,Latin America and Caribbean,6.228499889,1.096992493,1.323286891,0.889260828,2020
40,40,Bahrain,Middle East and North Africa,6.227300167,1.296692252,1.31532371,0.838836372,2020
41,41,Lithuania,Central and Eastern Europe,6.215499878,1.193559647,1.432865739,0.795421183,2020
42,42,Trinidad and Tobago,Latin America and Caribbean,6.191899776,1.167641521,1.407326221,0.658828557,2020
43,43,Poland,Central and Eastern Europe,6.186299801,1.16922915,1.310399771,0.868038476,2020
44,44,Colombia,Latin America and Caribbean,6.163400173,0.93220371,1.33445096,0.810020149,2020
45,45,Cyprus,Western Europe,6.15899992,1.21279943,1.149170756,1.026124597,2020
46,46,Nicaragua,Latin America and Caribbean,6.13710022,0.620033145,1.27081275,0.803093255,2020
47,47,Romania,Central and Eastern Europe,6.123700142,1.120401621,1.1944381,0.79229486,2020
48,48,Kuwait,Middle East and North Africa,6.102099895,1.424833655,1.244779825,0.776468933,2020
49,49,Mauritius,Sub-Saharan Africa,6.101299763,1.07366395,1.395666838,0.763389409,2020
50,50,Kazakhstan,Commonwealth of Independent States,6.057899952,1.122594237,1.453267694,0.698788941,2020
51,51,Estonia,Central and Eastern Europe,6.021800041,1.192441225,1.453232527,0.842615008,2020
52,52,Philippines,Southeast Asia,6.006000042,0.775120676,1.245381713,0.602189481,2020
53,53,Hungary,Central and Eastern Europe,6.000400066,1.164307117,1.423009396,0.806793869,2020
54,54,Thailand,Southeast Asia,5.998799801,1.007029295,1.347519517,0.793855846,2020
55,55,Argentina,Latin America and Caribbean,5.974699974,1.028465629,1.372543693,0.849773705,2020
56,56,Honduras,Latin America and Caribbean,5.953199863,0.598763585,1.186664104,0.791989982,2020
57,57,Latvia,Central and Eastern Europe,5.949999809,1.14139545,1.414398789,0.777902424,2020
58,58,Ecuador,Latin America and Caribbean,5.925199986,0.853383601,1.221027613,0.838837743,2020
59,59,Portugal,Western Europe,5.910900116,1.168800831,1.339530349,0.979315281,2020
60,60,Jamaica,Latin America and Caribbean,5.889800072,0.779058397,1.408289194,0.788434088,2020
61,61,South Korea,East Asia,5.872399807,1.245300651,1.133560538,1.022542596,2020
62,62,Japan,East Asia,5.870800018,1.26672411,1.332338691,1.072881341,2020
63,63,Peru,Latin America and Caribbean,5.796800137,0.91854918,1.208405972,0.824444175,2020
64,64,Serbia,Central and Eastern Europe,5.77820015,0.988181829,1.327448964,0.828403294,2020
65,65,Bolivia,Latin America and Caribbean,5.747499943,0.730976343,1.142350554,0.662445664,2020
66,66,Pakistan,South Asia,5.69329977,0.616799474,0.872979581,0.469933242,2020
67,67,Paraguay,Latin America and Caribbean,5.692100048,0.897990823,1.36819756,0.735869646,2020
68,68,Dominican Republic,Latin America and Caribbean,5.689199924,0.983191848,1.328888893,0.741901696,2020
69,69,Bosnia and Herzegovina,Central and Eastern Europe,5.674099922,0.91839546,1.203986526,0.813928187,2020
70,70,Moldova,Commonwealth of Independent States,5.607500076,0.707916796,1.237312198,0.713299453,2020
71,71,Tajikistan,Commonwealth of Independent States,5.555699825,0.474874616,1.218377709,0.680594802,2020
72,72,Montenegro,Central and Eastern Europe,5.54610014,1.010150075,1.265657902,0.839028895,2020
73,73,Russia,Commonwealth of Independent States,5.546000004,1.126999617,1.378644109,0.68044591,2020
74,74,Kyrgyzstan,Commonwealth of Independent States,5.541500092,0.513180971,1.341036677,0.680645883,2020
75,75,Belarus,Commonwealth of Independent States,5.539899826,1.018854499,1.38713932,0.75258857,2020
76,76,North Cyprus,Western Europe,5.53550005,1.21279943,1.183089137,1.026124597,2020
77,77,Greece,Western Europe,5.514999866,1.128070116,1.168973565,0.979431748,2020
78,78,Hong Kong S.A.R. of China,East Asia,5.510399818,1.376746058,1.243584275,1.136630654,2020
79,79,Croatia,Central and Eastern Europe,5.504700184,1.109024286,1.311264873,0.900575578,2020
80,80,Libya,Middle East and North Africa,5.488800049,1.021913767,1.196283698,0.615626633,2020
81,81,Mongolia,East Asia,5.456200123,0.904872775,1.458930612,0.615788162,2020
82,82,Malaysia,Southeast Asia,5.384300232,1.168421626,1.17400229,0.788511872,2020
83,83,Vietnam,Southeast Asia,5.353499889,0.718092382,1.253074765,0.819133997,2020
84,84,Indonesia,Southeast Asia,5.285600185,0.891720712,1.154800892,0.610437036,2020
85,85,Ivory Coast,Sub-Saharan Africa,5.233300209,0.537094414,0.799727261,0.154942513,2020
86,86,Benin,Sub-Saharan Africa,5.21600008,0.366244704,0.352428436,0.328062952,2020
87,87,Maldives,South Asia,5.197599888,0.937864304,1.402287602,0.914439559,2020
88,88,Congo (Brazzaville),Sub-Saharan Africa,5.194399834,0.633616745,0.757636011,0.458101124,2020
89,89,Azerbaijan,Commonwealth of Independent States,5.164800167,0.990272701,1.180613041,0.731134057,2020
90,90,Macedonia,Central and Eastern Europe,5.159800053,0.935371995,1.183173537,0.802994132,2020
91,91,Ghana,Sub-Saharan Africa,5.147999763,0.575862467,0.96636796,0.432162255,2020
92,92,Nepal,South Asia,5.137199879,0.444050372,1.100789309,0.66887939,2020
93,93,Turkey,Middle East and North Africa,5.131800175,1.127169251,1.197159171,0.781335294,2020
94,94,China,East Asia,5.123899937,0.990533412,1.132080674,0.867248535,2020
95,95,Turkmenistan,Commonwealth of Independent States,5.119100094,1.008963585,1.510476947,0.612448037,2020
96,96,Bulgaria,Central and Eastern Europe,5.101500034,1.046554685,1.460578918,0.777776897,2020
97,97,Morocco,Middle East and North Africa,5.094799995,0.75862211,0.645208478,0.745096922,2020
98,98,Cameroon,Sub-Saharan Africa,5.084899902,0.503958046,0.89972645,0.270189553,2020
99,99,Venezuela,Latin America and Caribbean,5.053199768,0.770238638,1.348546863,0.76702553,2020
100,100,Algeria,Middle East and North Africa,5.005099773,0.943856001,1.143003583,0.745418549,2020
101,101,Senegal,Sub-Saharan Africa,4.980800152,0.504061818,0.95459342,0.518391907,2020
102,102,Guinea,Sub-Saharan Africa,4.949299812,0.390007734,0.75136596,0.333655238,2020
103,103,Niger,Sub-Saharan Africa,4.909599781,0.108330332,0.703800142,0.298816353,2020
104,104,Laos,Southeast Asia,4.888599873,0.714693844,0.987391889,0.486378282,2020
105,105,Albania,Central and Eastern Europe,4.882699966,0.906653047,0.830483913,0.846329629,2020
106,106,Cambodia,Southeast Asia,4.848400116,0.544634938,1.071426034,0.587904334,2020
107,107,Bangladesh,South Asia,4.832799911,0.556156278,0.868800581,0.694940507,2020
108,108,Gabon,Sub-Saharan Africa,4.829299927,0.988044381,1.10639751,0.522574842,2020
109,109,South Africa,Sub-Saharan Africa,4.814099789,0.902140439,1.259086251,0.407034069,2020
110,110,Iraq,Middle East and North Africa,4.784800053,0.982018709,1.011466622,0.529350698,2020
111,111,Lebanon,Middle East and North Africa,4.771500111,0.889232516,1.19249332,0.788671136,2020
112,112,Burkina Faso,Sub-Saharan Africa,4.768700123,0.302467644,0.9293859,0.312833875,2020
113,113,Gambia,Sub-Saharan Africa,4.750599861,0.256990552,0.882678688,0.353247881,2020
114,114,Mali,Sub-Saharan Africa,4.729300022,0.352462649,0.97314173,0.234981522,2020
115,115,Nigeria,Sub-Saharan Africa,4.724100113,0.645901859,0.986717939,0.167835936,2020
116,116,Armenia,Commonwealth of Independent States,4.676799774,0.808262408,1.034576893,0.77585727,2020
117,117,Georgia,Commonwealth of Independent States,4.672599792,0.847198069,0.7311939,0.694657624,2020
118,118,Iran,Middle East and North Africa,4.672399998,1.029322505,0.886271179,0.749053836,2020
119,119,Jordan,Middle East and North Africa,4.633399963,0.785179198,1.140118599,0.777624726,2020
120,120,Mozambique,Sub-Saharan Africa,4.623600006,0.178741366,0.955202878,0.324223638,2020
121,121,Kenya,Sub-Saharan Africa,4.583000183,0.476413399,0.905077755,0.536312759,2020
122,122,Namibia,Sub-Saharan Africa,4.571100235,0.84008199,1.245738149,0.40687117,2020
123,123,Ukraine,Commonwealth of Independent States,4.56069994,0.780434608,1.321316481,0.698674381,2020
124,124,Liberia,Sub-Saharan Africa,4.557899952,0.174103007,0.920733929,0.392284274,2020
125,125,Palestinian Territories,Middle East and North Africa,4.552800179,0.587819219,1.194755554,0.613826573,2020
126,126,Uganda,Sub-Saharan Africa,4.43200016,0.312337428,1.052327394,0.378311664,2020
127,127,Chad,Sub-Saharan Africa,4.422699928,0.302287489,0.739118278,0.1087441,2020
128,128,Tunisia,Middle East and North Africa,4.392199993,0.874742687,0.872167706,0.781156719,2020
129,129,Mauritania,Sub-Saharan Africa,4.374599934,0.539684892,1.113323569,0.425184816,2020
130,130,Sri Lanka,South Asia,4.327000141,0.897986948,1.19494009,0.792036712,2020
131,131,Congo (Kinshasa),Sub-Saharan Africa,4.31099987,0.062487468,0.833055019,0.277212054,2020
132,132,Swaziland,Sub-Saharan Africa,4.308100224,0.827539742,1.064835191,0.215585828,2020
133,133,Myanmar,Southeast Asia,4.308000088,0.67809093,1.098178267,0.495443076,2020
134,134,Comoros,Sub-Saharan Africa,4.288599968,0.415620774,0.723232806,0.437383324,2020
135,135,Togo,Sub-Saharan Africa,4.187200069,0.268116266,0.547622859,0.342731178,2020
136,136,Ethiopia,Sub-Saharan Africa,4.186200142,0.315125644,1.001103282,0.483846247,2020
137,137,Madagascar,Sub-Saharan Africa,4.165599823,0.244553208,0.823694348,0.500617027,2020
138,138,Egypt,Middle East and North Africa,4.151400089,0.875228941,0.982539535,0.596911311,2020
139,139,Sierra Leone,Sub-Saharan Africa,3.926399946,0.240560383,0.747984946,0.203953966,2020
140,140,Burundi,Sub-Saharan Africa,3.775300026,0,0.403575271,0.295212835,2020
141,141,Zambia,Sub-Saharan Africa,3.759399891,0.536833763,0.896037281,0.36359334,2020
142,142,Haiti,Latin America and Caribbean,3.720799923,0.284734428,0.646671355,0.37436673,2020
143,143,Lesotho,Sub-Saharan Africa,3.652800083,0.45493874,1.088940024,0.100934811,2020
144,144,India,South Asia,3.573299885,0.730576158,0.644198656,0.54057014,2020
145,145,Malawi,Sub-Saharan Africa,3.538000107,0.176534727,0.53036809,0.446163297,2020
146,146,Yemen,Middle East and North Africa,3.527400017,0.392701775,1.177477121,0.41500017,2020
147,147,Botswana,Sub-Saharan Africa,3.478899956,0.997548997,1.08569479,0.494101733,2020
148,148,Tanzania,Sub-Saharan Africa,3.476200104,0.457163125,0.872674644,0.442677855,2020
149,149,Central African Republic,Sub-Saharan Africa,3.475899935,0.041072082,0,0,2020
150,150,Rwanda,Sub-Saharan Africa,3.312299967,0.343242675,0.522876322,0.572383285,2020
151,151,Zimbabwe,Sub-Saharan Africa,3.299200058,0.425564021,1.047835231,0.375037611,2020
152,152,South Sudan,Sub-Saharan Africa,2.816600084,0.289082974,0.553278506,0.208809033,2020
153,153,Afghanistan,South Asia,2.566900015,0.30070585,0.356433839,0.266051531,2020
1,1,Finland,Western Europe,7.842,1.446,1.106,0.741,2021
2,2,Denmark,Western Europe,7.62,1.502,1.108,0.763,2021
3,3,Switzerland,Western Europe,7.571,1.566,1.079,0.816,2021
4,4,Iceland,Western Europe,7.554,1.482,1.172,0.772,2021
5,5,Netherlands,Western Europe,7.464,1.501,1.079,0.753,2021
6,6,Norway,Western Europe,7.392,1.543,1.108,0.782,2021
7,7,Sweden,Western Europe,7.363,1.478,1.062,0.763,2021
8,8,Luxembourg,Western Europe,7.324,1.751,1.003,0.76,2021
9,9,New Zealand,North America and ANZ,7.277,1.4,1.094,0.785,2021
10,10,Austria,Western Europe,7.268,1.492,1.062,0.782,2021
11,11,Australia,North America and ANZ,7.183,1.453,1.076,0.801,2021
12,12,Israel,Middle East and North Africa,7.157,1.376,1.074,0.788,2021
13,13,Germany,Western Europe,7.155,1.48,0.993,0.757,2021
14,14,Canada,North America and ANZ,7.103,1.447,1.044,0.798,2021
15,15,Ireland,Western Europe,7.085,1.644,1.092,0.753,2021
16,16,Costa Rica,Latin America and Caribbean,7.069,1.134,0.966,0.722,2021
17,17,United Kingdom,Western Europe,7.064,1.423,1.062,0.757,2021
18,18,Czech Republic,Central and Eastern Europe,6.965,1.37,1.09,0.703,2021
19,19,United States,North America and ANZ,6.951,1.533,1.03,0.621,2021
20,20,Belgium,Western Europe,6.834,1.463,0.998,0.747,2021
21,21,France,Western Europe,6.69,1.421,1.081,0.804,2021
22,22,Bahrain,Middle East and North Africa,6.647,1.409,0.899,0.662,2021
23,23,Malta,Western Europe,6.602,1.411,1.055,0.747,2021
24,24,Taiwan Province of China,East Asia,6.584,1.48,0.982,0.665,2021
25,25,United Arab Emirates,Middle East and North Africa,6.561,1.555,0.86,0.594,2021
26,26,Saudi Arabia,Middle East and North Africa,6.494,1.435,0.964,0.571,2021
27,27,Spain,Western Europe,6.491,1.375,1.057,0.826,2021
28,28,Italy,Western Europe,6.483,1.393,0.94,0.798,2021
29,29,Slovenia,Central and Eastern Europe,6.461,1.36,1.093,0.722,2021
30,30,Guatemala,Latin America and Caribbean,6.435,0.845,0.79,0.519,2021
31,31,Uruguay,Latin America and Caribbean,6.431,1.164,1.042,0.649,2021
32,32,Singapore,Southeast Asia,6.377,1.695,1.019,0.897,2021
33,33,Kosovo,Central and Eastern Europe,6.372,0.937,0.807,0.483,2021
34,34,Slovakia,Central and Eastern Europe,6.331,1.304,1.066,0.653,2021
35,35,Brazil,Latin America and Caribbean,6.33,1.028,0.944,0.571,2021
36,36,Mexico,Latin America and Caribbean,6.317,1.126,0.83,0.634,2021
37,37,Jamaica,Latin America and Caribbean,6.309,0.891,0.932,0.599,2021
38,38,Lithuania,Central and Eastern Europe,6.255,1.35,1.065,0.612,2021
39,39,Cyprus,Western Europe,6.223,1.377,0.765,0.801,2021
40,40,Estonia,Central and Eastern Europe,6.189,1.344,1.079,0.64,2021
41,41,Panama,Latin America and Caribbean,6.18,1.298,0.976,0.667,2021
42,42,Uzbekistan,Commonwealth of Independent States,6.179,0.769,1.027,0.528,2021
43,43,Chile,Latin America and Caribbean,6.172,1.2,0.946,0.678,2021
44,44,Poland,Central and Eastern Europe,6.166,1.309,0.982,0.668,2021
45,45,Kazakhstan,Commonwealth of Independent States,6.152,1.23,1.103,0.527,2021
46,46,Romania,Central and Eastern Europe,6.14,1.275,0.832,0.595,2021
47,47,Kuwait,Middle East and North Africa,6.106,1.461,0.857,0.58,2021
48,48,Serbia,Central and Eastern Europe,6.078,1.101,0.924,0.634,2021
49,49,El Salvador,Latin America and Caribbean,6.061,0.845,0.675,0.565,2021
50,50,Mauritius,Sub-Saharan Africa,6.049,1.178,0.996,0.574,2021
51,51,Latvia,Central and Eastern Europe,6.032,1.285,1.047,0.587,2021
52,52,Colombia,Latin America and Caribbean,6.012,1.021,0.866,0.615,2021
53,53,Hungary,Central and Eastern Europe,5.992,1.301,1.083,0.615,2021
54,54,Thailand,Southeast Asia,5.985,1.107,0.957,0.596,2021
55,55,Nicaragua,Latin America and Caribbean,5.972,0.693,0.904,0.604,2021
56,56,Japan,East Asia,5.94,1.389,0.949,0.838,2021
57,57,Argentina,Latin America and Caribbean,5.929,1.162,0.98,0.646,2021
58,58,Portugal,Western Europe,5.929,1.323,0.939,0.76,2021
59,59,Honduras,Latin America and Caribbean,5.919,0.703,0.787,0.593,2021
60,60,Croatia,Central and Eastern Europe,5.882,1.251,1.039,0.703,2021
61,61,Philippines,Southeast Asia,5.88,0.853,0.828,0.426,2021
62,62,South Korea,East Asia,5.845,1.403,0.758,0.801,2021
63,63,Peru,Latin America and Caribbean,5.84,0.986,0.833,0.623,2021
64,64,Bosnia and Herzegovina,Central and Eastern Europe,5.813,1.032,0.919,0.618,2021
65,65,Moldova,Commonwealth of Independent States,5.766,0.985,0.888,0.542,2021
66,66,Ecuador,Latin America and Caribbean,5.764,0.935,0.806,0.64,2021
67,67,Kyrgyzstan,Commonwealth of Independent States,5.744,0.665,0.971,0.501,2021
68,68,Greece,Western Europe,5.723,1.273,0.811,0.76,2021
69,69,Bolivia,Latin America and Caribbean,5.716,0.842,0.782,0.486,2021
70,70,Mongolia,East Asia,5.677,0.966,1.065,0.442,2021
71,71,Paraguay,Latin America and Caribbean,5.653,0.983,0.97,0.549,2021
72,72,Montenegro,Central and Eastern Europe,5.581,1.155,0.891,0.637,2021
73,73,Dominican Republic,Latin America and Caribbean,5.545,1.106,0.879,0.555,2021
74,74,North Cyprus,Western Europe,5.536,1.377,0.806,0.801,2021
75,75,Belarus,Commonwealth of Independent States,5.534,1.124,1.007,0.56,2021
76,76,Russia,Commonwealth of Independent States,5.477,1.241,0.992,0.511,2021
77,77,Hong Kong S.A.R. of China,East Asia,5.477,1.525,0.841,0.893,2021
78,78,Tajikistan,Commonwealth of Independent States,5.466,0.508,0.895,0.498,2021
79,79,Vietnam,Southeast Asia,5.411,0.817,0.873,0.616,2021
80,80,Libya,Middle East and North Africa,5.41,1.044,0.821,0.435,2021
81,81,Malaysia,Southeast Asia,5.384,1.259,0.797,0.587,2021
82,82,Indonesia,Southeast Asia,5.345,0.954,0.786,0.433,2021
83,83,Congo (Brazzaville),Sub-Saharan Africa,5.342,0.518,0.392,0.307,2021
84,84,China,East Asia,5.339,1.061,0.785,0.665,2021
85,85,Ivory Coast,Sub-Saharan Africa,5.306,0.669,0.409,0.052,2021
86,86,Armenia,Commonwealth of Independent States,5.283,0.996,0.758,0.585,2021
87,87,Nepal,South Asia,5.269,0.519,0.702,0.496,2021
88,88,Bulgaria,Central and Eastern Europe,5.266,1.181,1.055,0.583,2021
89,89,Maldives,South Asia,5.198,1.115,1.015,0.697,2021
90,90,Azerbaijan,Commonwealth of Independent States,5.171,1.025,0.841,0.541,2021
91,91,Cameroon,Sub-Saharan Africa,5.142,0.543,0.556,0.159,2021
92,92,Senegal,Sub-Saharan Africa,5.132,0.518,0.558,0.357,2021
93,93,Albania,Central and Eastern Europe,5.117,1.008,0.529,0.646,2021
94,94,North Macedonia,Central and Eastern Europe,5.101,1.068,0.772,0.535,2021
95,95,Ghana,Sub-Saharan Africa,5.088,0.68,0.595,0.287,2021
96,96,Niger,Sub-Saharan Africa,5.074,0.162,0.402,0.167,2021
97,97,Turkmenistan,Commonwealth of Independent States,5.066,1.046,1.172,0.439,2021
98,98,Gambia,Sub-Saharan Africa,5.051,0.367,0.511,0.21,2021
99,99,Benin,Sub-Saharan Africa,5.045,0.507,0.058,0.196,2021
100,100,Laos,Southeast Asia,5.03,0.808,0.598,0.33,2021
101,101,Bangladesh,South Asia,5.025,0.635,0.52,0.514,2021
102,102,Guinea,Sub-Saharan Africa,4.984,0.42,0.399,0.206,2021
103,103,South Africa,Sub-Saharan Africa,4.956,0.967,0.895,0.265,2021
104,104,Turkey,Middle East and North Africa,4.948,1.26,0.809,0.59,2021
105,105,Pakistan,South Asia,4.934,0.637,0.423,0.322,2021
106,106,Morocco,Middle East and North Africa,4.918,0.792,0.219,0.558,2021
107,107,Venezuela,Latin America and Caribbean,4.892,0.852,0.897,0.574,2021
108,108,Georgia,Commonwealth of Independent States,4.891,1.03,0.47,0.498,2021
109,109,Algeria,Middle East and North Africa,4.887,0.946,0.765,0.552,2021
110,110,Ukraine,Commonwealth of Independent States,4.875,0.979,0.958,0.517,2021
111,111,Iraq,Middle East and North Africa,4.854,0.91,0.638,0.381,2021
112,112,Gabon,Sub-Saharan Africa,4.852,1.037,0.707,0.362,2021
113,113,Burkina Faso,Sub-Saharan Africa,4.834,0.364,0.472,0.179,2021
114,114,Cambodia,Southeast Asia,4.83,0.603,0.68,0.426,2021
115,115,Mozambique,Sub-Saharan Africa,4.794,0.183,0.634,0.196,2021
116,116,Nigeria,Sub-Saharan Africa,4.759,0.663,0.625,0.051,2021
117,117,Mali,Sub-Saharan Africa,4.723,0.387,0.59,0.11,2021
118,118,Iran,Middle East and North Africa,4.721,1.03,0.557,0.561,2021
119,119,Uganda,Sub-Saharan Africa,4.636,0.364,0.718,0.24,2021
120,120,Liberia,Sub-Saharan Africa,4.625,0.228,0.58,0.253,2021
121,121,Kenya,Sub-Saharan Africa,4.607,0.603,0.508,0.385,2021
122,122,Tunisia,Middle East and North Africa,4.596,0.919,0.515,0.59,2021
123,123,Lebanon,Middle East and North Africa,4.584,1.045,0.868,0.595,2021
124,124,Namibia,Sub-Saharan Africa,4.574,0.882,0.801,0.262,2021
125,125,Palestinian Territories,Middle East and North Africa,4.517,0.646,0.819,0.434,2021
126,126,Myanmar,Southeast Asia,4.426,0.666,0.713,0.341,2021
127,127,Jordan,Middle East and North Africa,4.395,0.89,0.685,0.583,2021
128,128,Chad,Sub-Saharan Africa,4.355,0.255,0.353,0,2021
129,129,Sri Lanka,South Asia,4.325,0.99,0.82,0.593,2021
130,130,Swaziland,Sub-Saharan Africa,4.308,0.849,0.693,0.074,2021
131,131,Comoros,Sub-Saharan Africa,4.289,0.488,0.367,0.279,2021
132,132,Egypt,Middle East and North Africa,4.283,0.954,0.647,0.426,2021
133,133,Ethiopia,Sub-Saharan Africa,4.275,0.37,0.679,0.331,2021
134,134,Mauritania,Sub-Saharan Africa,4.227,0.666,0.749,0.273,2021
135,135,Madagascar,Sub-Saharan Africa,4.208,0.266,0.503,0.341,2021
136,136,Togo,Sub-Saharan Africa,4.107,0.254,0.239,0.203,2021
137,137,Zambia,Sub-Saharan Africa,4.073,0.528,0.552,0.231,2021
138,138,Sierra Leone,Sub-Saharan Africa,3.849,0.279,0.377,0.1,2021
139,139,India,South Asia,3.819,0.741,0.316,0.383,2021
140,140,Burundi,Sub-Saharan Africa,3.775,0,0.062,0.155,2021
141,141,Yemen,Middle East and North Africa,3.658,0.329,0.831,0.272,2021
142,142,Tanzania,Sub-Saharan Africa,3.623,0.433,0.54,0.3,2021
143,143,Haiti,Latin America and Caribbean,3.615,0.294,0.173,0.227,2021
144,144,Malawi,Sub-Saharan Africa,3.6,0.113,0.168,0.298,2021
145,145,Lesotho,Sub-Saharan Africa,3.512,0.451,0.731,0.007,2021
146,146,Botswana,Sub-Saharan Africa,3.467,1.099,0.724,0.34,2021
147,147,Rwanda,Sub-Saharan Africa,3.415,0.364,0.202,0.407,2021
148,148,Zimbabwe,Sub-Saharan Africa,3.145,0.457,0.649,0.243,2021
149,149,Afghanistan,South Asia,2.523,0.37,0,0.126,2021
1,1,Finland,Western Europe,7.821,1892,"1,258",0.775,2022
2,2,Denmark,Western Europe,7.636,1953,"1,243",0.777,2022
3,3,Iceland,Western Europe,"7,557.00",1936,"1,320",0.803,2022
4,4,Switzerland,Western Europe,"7,512.00",2026,"1,226",0.822,2022
5,5,Netherlands,Western Europe,"7,415.00",1945,"1,206",0.787,2022
6,6,Luxembourg*,-,"7,404.00",2209,"1,155",0.79,2022
7,7,Sweden,Western Europe,"7,384.00",1920,"1,204",0.803,2022
8,8,Norway,Western Europe,"7,365.00",1997,"1,239",0.786,2022
9,9,Israel,Middle East and Northern Africa,"7,364.00",1826,"1,221",0.818,2022
10,10,New Zealand,Australia and New Zealand,"7,200.00",1852,"1,235",0.752,2022
11,11,Austria,Western Europe,"7,163.00",1931,"1,165",0.774,2022
12,12,Australia,Australia and New Zealand,"7,162.00",1900,"1,203",0.772,2022
13,13,Ireland,Western Europe,"7,041.00",2129,"1,166",0.779,2022
14,14,Germany,Western Europe,"7,034.00",1924,"1,088",0.776,2022
15,15,Canada,North America,"7,025.00",1886,"1,188",0.783,2022
16,16,United States,North America,"6,977.00",1982,"1,182",0.628,2022
17,17,United Kingdom,Western Europe,"6,943.00",1867,"1,143",0.75,2022
18,18,Czechia,-,"6,920.00",1815,"1,260",0.715,2022
19,19,Belgium,Western Europe,"6,805.00",1907,"1,106",0.764,2022
20,20,France,Western Europe,"6,687.00",1863,"1,219",0.808,2022
21,21,Bahrain,Middle East and Northern Africa,"6,647.00",1854,"1,029",0.625,2022
22,22,Slovenia,Central and Eastern Europe,"6,630.00",1810,"1,249",0.769,2022
23,23,Costa Rica,Latin America and Caribbean,"6,582.00",1584,"1,054",0.744,2022
24,24,United Arab Emirates,Middle East and Northern Africa,"6,576.00",1998,0.98,0.633,2022
25,25,Saudi Arabia,Middle East and Northern Africa,"6,523.00",1870,"1,092",0.577,2022
26,26,Taiwan Province of China,-,"6,512.00",1897,"1,095",0.733,2022
27,27,Singapore,Southeastern Asia,6.48,2.149,1.127,0.851,2022
28,28,Romania,Central and Eastern Europe,"6,477.00",1719,1006,0.655,2022
29,29,Spain,Western Europe,"6,476.00",1808,1211,0.808,2022
30,30,Uruguay,Latin America and Caribbean,"6,474.00",1615,1180,0.672,2022
31,31,Italy,Western Europe,"6,467.00",1834,1052,0.801,2022
32,32,Kosovo,Central and Eastern Europe,"6,455.00",1362,0.949,0.569,2022
33,33,Malta,Western Europe,"6,447.00",1838,1169,0.789,2022
34,34,Lithuania,Central and Eastern Europe,"6,446.00",1804,1204,0.659,2022
35,35,Slovakia,Central and Eastern Europe,"6,391.00",1736,1232,0.707,2022
36,36,Estonia,Central and Eastern Europe,"6,341.00",1793,1232,0.728,2022
37,37,Panama,Latin America and Caribbean,"6,309.00",1715,1107,0.709,2022
38,38,Brazil,Latin America and Caribbean,"6,293.00",1462,1044,0.615,2022
39,39,Guatemala*,-,"6,262.00",1274,0.831,0.522,2022
40,40,Kazakhstan,Central and Eastern Europe,"6,234.00",1668,1220,0.611,2022
41,41,Cyprus,Western Europe,"6,221.00",1815,0.909,0.819,2022
42,42,Latvia,Central and Eastern Europe,"6,180.00",1732,1221,0.637,2022
43,43,Serbia,Central and Eastern Europe,"6,178.00",1550,1086,0.658,2022
44,44,Chile,Latin America and Caribbean,"6,172.00",1651,1080,0.748,2022
45,45,Nicaragua,Latin America and Caribbean,"6,165.00",1105,1029,0.617,2022
46,46,Mexico,Latin America and Caribbean,"6,128.00",1552,0.886,0.623,2022
47,47,Croatia,Central and Eastern Europe,"6,125.00",1705,1183,0.709,2022
48,48,Poland,Central and Eastern Europe,"6,123.00",1758,1174,0.712,2022
49,49,El Salvador,Latin America and Caribbean,"6,120.00",1265,0.768,0.607,2022
50,50,Kuwait*,-,"6,106.00",1904,0.983,0.747,2022
51,51,Hungary,Central and Eastern Europe,"6,086.00",1748,1233,0.668,2022
52,52,Mauritius,Sub-Saharan Africa,"6,071.00",1591,1116,0.568,2022
53,53,Uzbekistan,Central and Eastern Europe,"6,063.00",1219,1092,0.6,2022
54,54,Japan,Eastern Asia,"6,039.00",1835,1089,0.866,2022
55,55,Honduras,Latin America and Caribbean,"6,022.00",1111,0.885,0.555,2022
56,56,Portugal,Western Europe,"6,016.00",1760,1078,0.777,2022
57,57,Argentina,Latin America and Caribbean,"5,967.00",1592,1102,0.662,2022
58,58,Greece,Western Europe,"5,948.00",1703,0.98,0.774,2022
59,59,South Korea,Eastern Asia,"5,935.00",1851,0.886,0.841,2022
60,60,Philippines,Southeastern Asia,5.904,1.268,0.912,0.514,2022
61,61,Thailand,Southeastern Asia,5.891,1.535,1.096,0.697,2022
62,62,Moldova,Central and Eastern Europe,"5,857.00",1417,1008,0.597,2022
63,63,Jamaica,Latin America and Caribbean,"5,850.00",1296,1045,0.646,2022
64,64,Kyrgyzstan,Central and Eastern Europe,"5,828.00",1069,1109,0.638,2022
65,65,Belarus*,-,"5,821.00",1562,1157,0.629,2022
66,66,Colombia,Latin America and Caribbean,"5,781.00",1452,0.929,0.72,2022
67,67,Bosnia and Herzegovina,Central and Eastern Europe,"5,768.00",1468,1068,0.665,2022
68,68,Mongolia,Eastern Asia,"5,761.00",1393,1197,0.467,2022
69,69,Dominican Republic,Latin America and Caribbean,"5,737.00",1538,1003,0.577,2022
70,70,Malaysia,Southeastern Asia,5.711,1.689,0.938,0.62,2022
71,71,Bolivia,Latin America and Caribbean,"5,600.00",1256,0.88,0.555,2022
72,72,China,Eastern Asia,"5,585.00",1508,0.958,0.705,2022
73,73,Paraguay,Latin America and Caribbean,"5,578.00",1409,1130,0.624,2022
74,74,Peru,Latin America and Caribbean,"5,559.00",1397,0.865,0.735,2022
75,75,Montenegro,Central and Eastern Europe,"5,547.00",1573,1023,0.659,2022
76,76,Ecuador,Latin America and Caribbean,"5,533.00",1352,0.879,0.708,2022
77,77,Vietnam,Southeastern Asia,5.485,1.252,0.932,0.611,2022
78,78,Turkmenistan*,-,"5,474.00",1484,1319,0.516,2022
79,79,North Cyprus*,-,"5,467.00",1815,0.888,0.819,2022
80,80,Russia,Central and Eastern Europe,"5,459.00",1685,1095,0.586,2022
81,81,Hong Kong S.A.R. of China,-,"5,425.00",1957,0.954,0.942,2022
82,82,Armenia,Central and Eastern Europe,"5,399.00",1434,0.82,0.668,2022
83,83,Tajikistan,Central and Eastern Europe,"5,377.00",0.966,1005,0.518,2022
84,84,Nepal,Southern Asia,"5,377.00",0.984,0.784,0.499,2022
85,85,Bulgaria,Central and Eastern Europe,"5,371.00",1625,1163,0.64,2022
86,86,Libya*,-,"5,330.00",1476,0.943,0.606,2022
87,87,Indonesia,Southeastern Asia,5.24,1.382,0.883,0.539,2022
88,88,Ivory Coast,Sub-Saharan Africa,"5,235.00",1094,0.442,0.322,2022
89,89,North Macedonia,-,"5,199.00",1505,0.863,0.637,2022
90,90,Albania,Central and Eastern Europe,"5,199.00",1439,0.646,0.719,2022
91,91,South Africa,Sub-Saharan Africa,"5,194.00",1425,1088,0.361,2022
92,92,Azerbaijan*,-,"5,173.00",1458,1093,0.56,2022
93,93,Gambia*,-,"5,164.00",0.785,0.621,0.369,2022
94,94,Bangladesh,Southern Asia,"5,155.00",1060,0.614,0.581,2022
95,95,Laos,Southeastern Asia,5.14,1.239,0.654,0.479,2022
96,96,Algeria,Middle East and Northern Africa,"5,122.00",1363,0.97,0.643,2022
97,97,Liberia*,-,"5,122.00",0.636,0.67,0.309,2022
98,98,Ukraine,Central and Eastern Europe,"5,084.00",1411,1081,0.583,2022
99,99,Congo,-,"5,075.00",0.95,0.405,0.355,2022
100,100,Morocco,Middle East and Northern Africa,"5,060.00",1208,0.268,0.565,2022
101,101,Mozambique,Sub-Saharan Africa,"5,048.00",0.578,0.66,0.191,2022
102,102,Cameroon,Sub-Saharan Africa,"5,048.00",0.968,0.672,0.317,2022
103,103,Senegal,Sub-Saharan Africa,"5,046.00",0.933,0.53,0.447,2022
104,104,Niger*,-,"5,003.00",0.57,0.56,0.326,2022
105,105,Georgia,Central and Eastern Europe,"4,973.00",1467,0.612,0.595,2022
106,106,Gabon,Sub-Saharan Africa,"4,958.00",1459,0.738,0.396,2022
107,107,Iraq,Middle East and Northern Africa,"4,941.00",1289,0.682,0.554,2022
108,108,Venezuela,Latin America and Caribbean,"4,925.00",0,0.968,0.578,2022
109,109,Guinea,Sub-Saharan Africa,"4,891.00",0.848,0.566,0.275,2022
110,110,Iran,Middle East and Northern Africa,"4,888.00",1410,0.741,0.642,2022
111,111,Ghana,Sub-Saharan Africa,"4,872.00",1112,0.595,0.409,2022
112,112,Turkey,Middle East and Northern Africa,"4,744.00",1707,0.865,0.702,2022
113,113,Burkina Faso,Sub-Saharan Africa,"4,670.00",0.779,0.565,0.32,2022
114,114,Cambodia,Southeastern Asia,4.64,1.019,0.732,0.505,2022
115,115,Benin,Sub-Saharan Africa,"4,623.00",0.932,0.064,0.335,2022
116,116,Comoros*,-,"4,609.00",0.899,0.476,0.424,2022
117,117,Uganda,Sub-Saharan Africa,"4,603.00",0.777,0.875,0.418,2022
118,118,Nigeria,Sub-Saharan Africa,"4,552.00",1079,0.732,0.3,2022
119,119,Kenya,Sub-Saharan Africa,"4,543.00",1032,0.605,0.401,2022
120,120,Tunisia,Middle East and Northern Africa,"4,516.00",1350,0.596,0.656,2022
121,121,Pakistan,Southern Asia,"4,516.00",1049,0.413,0.374,2022
122,122,Palestinian Territories*,-,"4,483.00",1148,0.957,0.521,2022
123,123,Mali,Sub-Saharan Africa,"4,479.00",0.792,0.483,0.311,2022
124,124,Namibia,-,"4,459.00",1292,0.877,0.354,2022
125,125,"Eswatini, Kingdom of*",-,"4,396.00",1274,0.786,0.197,2022
126,126,Myanmar,Southeastern Asia,4.394,1.038,0.829,0.491,2022
127,127,Sri Lanka,Southern Asia,"4,362.00",1415,0.934,0.66,2022
128,128,Madagascar*,-,"4,339.00",0.67,0.645,0.378,2022
129,129,Egypt,Middle East and Northern Africa,"4,288.00",1388,0.732,0.548,2022
130,130,Chad*,-,"4,251.00",0.662,0.506,0.225,2022
131,131,Ethiopia,Sub-Saharan Africa,"4,241.00",0.788,0.809,0.457,2022
132,132,Yemen*,-,"4,197.00",0.691,1043,0.384,2022
133,133,Mauritania*,-,"4,153.00",1100,0.865,0.45,2022
134,134,Jordan,Middle East and Northern Africa,"4,152.00",1324,0.724,0.675,2022
135,135,Togo,Sub-Saharan Africa,"4,112.00",0.771,0.322,0.36,2022
136,136,India,Southern Asia,"3,777.00",1167,0.376,0.471,2022
137,137,Zambia,Sub-Saharan Africa,"3,760.00",0.93,0.577,0.306,2022
138,138,Malawi,Sub-Saharan Africa,"3,750.00",0.648,0.279,0.388,2022
139,139,Tanzania,Sub-Saharan Africa,"3,702.00",0.848,0.597,0.425,2022
140,140,Sierra Leone,Sub-Saharan Africa,"3,574.00",0.686,0.416,0.273,2022
141,141,Lesotho*,-,"3,512.00",0.839,0.848,0,2022
142,142,Botswana*,-,"3,471.00",1503,0.815,0.28,2022
143,143,Rwanda*,-,"3,268.00",0.785,0.133,0.462,2022
144,144,Zimbabwe,Sub-Saharan Africa,"2,995.00",0.947,0.69,0.27,2022
145,145,Lebanon,Middle East and Northern Africa,"2,955.00",1392,0.498,0.631,2022
146,146,Afghanistan,Southern Asia,"2,404.00",0.758,0,0.289,2022
